-- phpMyAdmin SQL Dump
-- version 3.5.1
-- http://www.phpmyadmin.net
--
-- Servidor: localhost
-- Tiempo de generación: 08-07-2013 a las 15:31:16
-- Versión del servidor: 5.5.24-log
-- Versión de PHP: 5.4.3

SET SQL_MODE="NO_AUTO_VALUE_ON_ZERO";
SET time_zone = "+00:00";


/*!40101 SET @OLD_CHARACTER_SET_CLIENT=@@CHARACTER_SET_CLIENT */;
/*!40101 SET @OLD_CHARACTER_SET_RESULTS=@@CHARACTER_SET_RESULTS */;
/*!40101 SET @OLD_COLLATION_CONNECTION=@@COLLATION_CONNECTION */;
/*!40101 SET NAMES utf8 */;

--
-- Base de datos: `cms`
--

-- --------------------------------------------------------

--
-- Estructura de tabla para la tabla `cms_admin`
--

CREATE TABLE IF NOT EXISTS `cms_admin` (
  `id` int(11) NOT NULL AUTO_INCREMENT,
  `username` varchar(45) COLLATE utf8_unicode_ci DEFAULT NULL,
  `password` varchar(45) COLLATE utf8_unicode_ci DEFAULT NULL,
  `nombres` varchar(45) COLLATE utf8_unicode_ci DEFAULT NULL,
  `apellidos` varchar(45) COLLATE utf8_unicode_ci DEFAULT NULL,
  `email` varchar(45) COLLATE utf8_unicode_ci DEFAULT NULL,
  `fecharegistro` datetime DEFAULT NULL,
  `estado` char(1) COLLATE utf8_unicode_ci DEFAULT '1',
  PRIMARY KEY (`id`)
) ENGINE=InnoDB  DEFAULT CHARSET=utf8 COLLATE=utf8_unicode_ci AUTO_INCREMENT=4 ;

--
-- Volcado de datos para la tabla `cms_admin`
--

INSERT INTO `cms_admin` (`id`, `username`, `password`, `nombres`, `apellidos`, `email`, `fecharegistro`, `estado`) VALUES
(1, 'admin', '21232f297a57a5a743894a0e4a801fc3', 'admin', 'admin', 'admin@prueba.com', NULL, '0'),
(2, 'admin2', 'c84258e9c39059a89ab77d846ddab909', 'admin2', 'admin2', 'admin2@prueba.com', '2013-06-04 22:30:33', '1'),
(3, 'administrador', '91f5167c34c400758115c2a6826ec2e3', 'administrador', 'administrador', 'administrador@prueba.com', '2013-06-14 19:48:01', '1');

-- --------------------------------------------------------

--
-- Estructura de tabla para la tabla `cms_aviso`
--

CREATE TABLE IF NOT EXISTS `cms_aviso` (
  `id` int(11) NOT NULL AUTO_INCREMENT,
  `titulo` varchar(100) CHARACTER SET latin1 NOT NULL,
  `descripcion` text CHARACTER SET latin1 NOT NULL,
  `institucion` varchar(100) CHARACTER SET latin1 NOT NULL,
  `ocultar` char(1) COLLATE utf8_unicode_ci DEFAULT '0' COMMENT '0 = muestra, 1= oculta',
  `departamento` varchar(60) CHARACTER SET latin1 NOT NULL,
  `provincia` varchar(20) CHARACTER SET latin1 DEFAULT NULL,
  `distrito` varchar(20) CHARACTER SET latin1 DEFAULT NULL,
  `estado` char(1) CHARACTER SET latin1 DEFAULT NULL,
  `email` varchar(30) COLLATE utf8_unicode_ci DEFAULT NULL,
  `usuarioregistro` int(11) NOT NULL,
  `usuariomodificasion` int(11) NOT NULL,
  `fecharegistro` date DEFAULT NULL,
  `fechamodificasion` date DEFAULT NULL,
  `disciplina` varchar(100) COLLATE utf8_unicode_ci DEFAULT NULL,
  PRIMARY KEY (`id`)
) ENGINE=InnoDB  DEFAULT CHARSET=utf8 COLLATE=utf8_unicode_ci AUTO_INCREMENT=11 ;

--
-- Volcado de datos para la tabla `cms_aviso`
--

INSERT INTO `cms_aviso` (`id`, `titulo`, `descripcion`, `institucion`, `ocultar`, `departamento`, `provincia`, `distrito`, `estado`, `email`, `usuarioregistro`, `usuariomodificasion`, `fecharegistro`, `fechamodificasion`, `disciplina`) VALUES
(1, 'aviso 5', 'descripcion de aviso4', 'localidad 4', '0', 'Lima', 'Si', '1-3 años', '1', '2013-05-24', 1, 0, '2013-05-24', NULL, NULL),
(2, 'asdasdad', 'asasdasdasd', 'zxczczxc', '0', 'Lima', 'Si', '6-1 año', '1', '0000-00-00', 1, 0, '2013-05-30', NULL, 'Fútbol'),
(3, 'sdasdas', 'DASDSD', 'sdAD', '0', 'Lima', 'No', '1-3 años', '1', 'dddd@prueba.com', 1, 0, '2013-06-04', NULL, 'Fútbol'),
(4, 'aviso 10', 'sistems', 'unsm', '0', 'piura', 'Si', '1-6 meses', '1', 'sistema@prueba.com', 1, 0, '2013-06-04', NULL, NULL),
(5, 'laborum', 'asdasdasd', 'becas', '0', 'piura', 'No', '3 a mas', '1', 'prueba@prueba.com', 1, 0, '2013-06-04', NULL, NULL),
(6, 'sadasd', 'asdasdasd', 'sadasdasd', '0', 'Lima', 'Si', '1-6 meses', '1', 'asdasdsd@prueba.com', 1, 0, '2013-06-04', NULL, 'Fútbol'),
(7, 'asdasdad', 'asdadasd', 'asdasdad', '0', 'Lima', 'Si', '3 a mas', '1', 'prueba@prueba.com', 1, 0, '2013-06-04', NULL, NULL),
(8, 'asdad', 'asdasdas', 'asdasd', '0', 'Lima', 'No', '6-1 año', '0', 'prueba@prueba.com', 1, 0, '2013-06-04', NULL, NULL),
(9, 'prueba 01', 'adasdsad', 'intitucion nn', '1', 'arequipa', 'No', '6-1 año', '0', 'prueba@prueba.com', 1, 0, '2013-06-04', NULL, 'Fútbol'),
(10, 'director tecnico futbol', 'director tecnico', 'asociacion de jugadores milan', '0', 'LIMA', '', '', '1', 'contrato@prueba.com', 1, 0, '2013-06-13', NULL, 'Fútbol');

-- --------------------------------------------------------

--
-- Estructura de tabla para la tabla `cms_deportista`
--

CREATE TABLE IF NOT EXISTS `cms_deportista` (
  `id` int(11) NOT NULL AUTO_INCREMENT,
  `nombres` varchar(45) COLLATE utf8_unicode_ci NOT NULL,
  `apellidos` varchar(45) COLLATE utf8_unicode_ci NOT NULL,
  `dni` int(8) DEFAULT NULL,
  `departamento` varchar(45) COLLATE utf8_unicode_ci DEFAULT NULL,
  `email` varchar(45) COLLATE utf8_unicode_ci DEFAULT NULL,
  `estado` char(1) COLLATE utf8_unicode_ci DEFAULT '0' COMMENT '1 = activo , 0 desactivo',
  `fecharegistro` datetime DEFAULT NULL,
  `fechaactualizacion` datetime DEFAULT NULL,
  `usuarioregistro` int(11) DEFAULT NULL,
  `usuarioactualizacion` int(11) DEFAULT NULL,
  `equipo_id` int(11) DEFAULT NULL,
  PRIMARY KEY (`id`)
) ENGINE=InnoDB  DEFAULT CHARSET=utf8 COLLATE=utf8_unicode_ci AUTO_INCREMENT=3 ;

--
-- Volcado de datos para la tabla `cms_deportista`
--

INSERT INTO `cms_deportista` (`id`, `nombres`, `apellidos`, `dni`, `departamento`, `email`, `estado`, `fecharegistro`, `fechaactualizacion`, `usuarioregistro`, `usuarioactualizacion`, `equipo_id`) VALUES
(1, 'ana gemma', 'jaramillo quispe', 12345678, 'APURIMAC', 'ajaramillo@prueba.com', '1', '2013-06-27 18:45:18', '2013-06-27 19:15:58', 1, NULL, 8),
(2, 'ernesto luis', 'zapata linares', 23456789, 'LIMA', 'zapata@prueba.com', '1', '2013-06-27 18:48:23', '2013-06-27 19:32:14', 1, NULL, 0);

-- --------------------------------------------------------

--
-- Estructura de tabla para la tabla `cms_noticia`
--

CREATE TABLE IF NOT EXISTS `cms_noticia` (
  `id` int(11) NOT NULL AUTO_INCREMENT,
  `titulo` varchar(200) COLLATE utf8_unicode_ci NOT NULL,
  `resumen` text COLLATE utf8_unicode_ci NOT NULL,
  `descripcion` text COLLATE utf8_unicode_ci NOT NULL,
  `lugar` varchar(200) COLLATE utf8_unicode_ci NOT NULL,
  `fecha_registro` timestamp NOT NULL DEFAULT CURRENT_TIMESTAMP ON UPDATE CURRENT_TIMESTAMP,
  `estado` tinyint(4) NOT NULL,
  `fecha_modificacion` datetime NOT NULL,
  `usuario_registro` int(11) NOT NULL,
  `usuario_modificacion` int(11) NOT NULL,
  PRIMARY KEY (`id`)
) ENGINE=InnoDB  DEFAULT CHARSET=utf8 COLLATE=utf8_unicode_ci AUTO_INCREMENT=4 ;

--
-- Volcado de datos para la tabla `cms_noticia`
--

INSERT INTO `cms_noticia` (`id`, `titulo`, `resumen`, `descripcion`, `lugar`, `fecha_registro`, `estado`, `fecha_modificacion`, `usuario_registro`, `usuario_modificacion`) VALUES
(1, 'IPD inicia celebraciones por 32 aniversario institucional', 'IPD inicia celebraciones por 32 aniversario institucional', 'El Presidente del Instituto Peruano del Deporte, Francisco Boza, puso la primera piedra en la ampliación del Centro de Alto Rendimiento en Arequipa y también visitó las obras que hace PERUMIN que realiza en el Cerro July donde se construyen hangares para la práctica de las Artes Marciales.\r\n\r\nBoza, por la mañana realizó el juramento de estilo al nuevo presidente del Consejo Regional del Deporte de Arequipa, José Antonio Puyó Perry.\r\n\r\nLuego, el titular del IPD, se trasladó al Centro de Alto Rendimiento en Arequipa para poner la primera piedra de la ampliación de las instalaciones que beneficiarán a los deportistas arequipeños.\r\n\r\nTambién visitó las obras que realiza la minera PERUMIN en el Cerro July donde se construye hangares que servirán para la práctica del karate. \r\n\r\nPor la tarde, Francisco Boza estuvo presente en la clausura del Grand Prix Internacional de Tiro que se desarrolló en el Club Internacional. \r\n\r\n“Estamos estudiando para que todos los recursos económicos que generan las departamentales se queden en las departamentales y ese dinero no se vaya a Lima”, dijo Boza.\r\n\r\nBoza, para finalizar, pidió el apoyo de las mineras para que puedan construirse más instalaciones deportivas que servirán a la práctica del deporte.\r\n', 'Lima', '2013-06-13 22:05:12', 0, '0000-00-00 00:00:00', 1, 1),
(2, 'Ampliarán el Centro de Alto Rendimiento de Arequipa', 'Ampliarán el Centro de Alto Rendimiento de Arequipa', 'El Presidente del Instituto Peruano del Deporte, Francisco Boza, puso la primera piedra en la ampliación del Centro de Alto Rendimiento en Arequipa y también visitó las obras que hace PERUMIN que realiza en el Cerro July donde se construyen hangares para la práctica de las Artes Marciales.\r\n\r\nBoza, por la mañana realizó el juramento de estilo al nuevo presidente del Consejo Regional del Deporte de Arequipa, José Antonio Puyó Perry.\r\n\r\nLuego, el titular del IPD, se trasladó al Centro de Alto Rendimiento en Arequipa para poner la primera piedra de la ampliación de las instalaciones que beneficiarán a los deportistas arequipeños.\r\n\r\nTambién visitó las obras que realiza la minera PERUMIN en el Cerro July donde se construye hangares que servirán para la práctica del karate. \r\n\r\nPor la tarde, Francisco Boza estuvo presente en la clausura del Grand Prix Internacional de Tiro que se desarrolló en el Club Internacional. \r\n\r\n“Estamos estudiando para que todos los recursos económicos que generan las departamentales se queden en las departamentales y ese dinero no se vaya a Lima”, dijo Boza.\r\n\r\nBoza, para finalizar, pidió el apoyo de las mineras para que puedan construirse más instalaciones deportivas que servirán a la práctica del deporte.\r\n', 'Lima', '2013-06-13 22:05:54', 0, '0000-00-00 00:00:00', 1, 1),
(3, 'Noticia de prueba', 'resumen del n oticia de prueba resumen del n oticia de prueba resumen del n oticia de prueba <br>', '<b>lorem </b>ipsum error no funciona loren ipsum erroe no funciona.<br><br>No funciona el lorem ipsum error. lorem ipsum error no funciona loren ipsum erroe no funciona lorem ipsum error no funciona loren ipsum erroe no funciona, lorem ipsum error no funciona loren ipsum erroe no funciona, lorem ipsum error no funciona loren ipsum erroe no funciona, lorem ipsum error no funciona loren ipsum erroe no funciona, lorem ipsum error no funciona loren ipsum erroe no funciona, lorem ipsum error no funciona loren ipsum erroe no funciona,&nbsp; lorem ipsum error no funciona loren ipsum erroe no funciona.<br><br>No funciona el lorem ipsum error. lorem ipsum error no funciona loren \r\nipsum erroe no funciona lorem ipsum error no funciona loren ipsum erroe \r\nno funciona, lorem ipsum error no funciona loren ipsum erroe no \r\nfunciona, lorem ipsum error no funciona loren ipsum erroe no funciona, \r\nlorem ipsum error no funciona loren ipsum erroe no funciona, lorem ipsum\r\n error no funciona loren ipsum erroe no funciona, lorem ipsum error no \r\nfunciona loren ipsum erroe no funciona,&nbsp; lorem ipsum error no funciona \r\nloren ipsum erroe no funciona.<br>', 'Lima - Peru', '2013-06-13 20:27:43', 0, '0000-00-00 00:00:00', 1, 1);

-- --------------------------------------------------------

--
-- Estructura de tabla para la tabla `cms_noticia_imagen`
--

CREATE TABLE IF NOT EXISTS `cms_noticia_imagen` (
  `id` int(11) NOT NULL AUTO_INCREMENT,
  `noticia_id` int(11) NOT NULL,
  `nombre` varchar(100) COLLATE utf8_unicode_ci DEFAULT NULL,
  `ruta` varchar(200) COLLATE utf8_unicode_ci DEFAULT NULL,
  PRIMARY KEY (`id`)
) ENGINE=InnoDB  DEFAULT CHARSET=utf8 COLLATE=utf8_unicode_ci AUTO_INCREMENT=4 ;

--
-- Volcado de datos para la tabla `cms_noticia_imagen`
--

INSERT INTO `cms_noticia_imagen` (`id`, `noticia_id`, `nombre`, `ruta`) VALUES
(1, 1, 'noticia_1.jpg', NULL),
(2, 2, 'noticia_2.jpg', NULL),
(3, 3, 'noticia_3.jpg', NULL);

-- --------------------------------------------------------

--
-- Estructura de tabla para la tabla `cms_postulante`
--

CREATE TABLE IF NOT EXISTS `cms_postulante` (
  `id` int(11) NOT NULL AUTO_INCREMENT,
  `nombrecompleto` varchar(85) DEFAULT NULL,
  `email` varchar(45) DEFAULT NULL,
  `ciudad` varchar(65) DEFAULT NULL,
  `pais` varchar(65) DEFAULT NULL,
  `comentario` text,
  `fecharegistro` datetime DEFAULT NULL,
  `usuarioregistro` int(11) DEFAULT NULL,
  `fechamodificacion` datetime DEFAULT NULL,
  `usuariomodificacion` varchar(45) DEFAULT NULL,
  `aviso_id` int(11) DEFAULT NULL,
  PRIMARY KEY (`id`)
) ENGINE=InnoDB  DEFAULT CHARSET=utf8 AUTO_INCREMENT=3 ;

--
-- Volcado de datos para la tabla `cms_postulante`
--

INSERT INTO `cms_postulante` (`id`, `nombrecompleto`, `email`, `ciudad`, `pais`, `comentario`, `fecharegistro`, `usuarioregistro`, `fechamodificacion`, `usuariomodificacion`, `aviso_id`) VALUES
(1, 'ana romero limas', 'arlimas@prueba.com', 'lima', 'peru', 'quiero postular a este puesto', '2013-07-01 22:29:37', NULL, NULL, NULL, 10),
(2, 'gina romero robles', 'grroble@prueba.com', 'lima', 'peru', '', '2013-07-01 22:46:03', NULL, NULL, NULL, 10);

-- --------------------------------------------------------

--
-- Estructura de tabla para la tabla `cms_sede_deportiva`
--

CREATE TABLE IF NOT EXISTS `cms_sede_deportiva` (
  `id` int(11) NOT NULL AUTO_INCREMENT,
  `nombre` varchar(100) COLLATE utf8_unicode_ci NOT NULL,
  `ubicacion` varchar(80) COLLATE utf8_unicode_ci NOT NULL,
  `ubigeo` int(11) DEFAULT NULL,
  `telefono` varchar(30) COLLATE utf8_unicode_ci DEFAULT NULL,
  `email` varchar(45) COLLATE utf8_unicode_ci DEFAULT NULL,
  `equipamiento` text COLLATE utf8_unicode_ci,
  `horario_atencion` varchar(30) COLLATE utf8_unicode_ci DEFAULT NULL,
  `costo_hora` varchar(10) COLLATE utf8_unicode_ci DEFAULT NULL,
  `responsable` varchar(45) COLLATE utf8_unicode_ci DEFAULT NULL,
  `foto_inicio` text COLLATE utf8_unicode_ci NOT NULL,
  `fecharegistro` datetime DEFAULT NULL,
  `usuarioregistro` int(11) DEFAULT NULL,
  `fechamodificacion` datetime DEFAULT NULL,
  `usuariomodificacion` int(11) DEFAULT NULL,
  `estado` char(1) COLLATE utf8_unicode_ci DEFAULT '0',
  PRIMARY KEY (`id`)
) ENGINE=InnoDB  DEFAULT CHARSET=utf8 COLLATE=utf8_unicode_ci AUTO_INCREMENT=12 ;

--
-- Volcado de datos para la tabla `cms_sede_deportiva`
--

INSERT INTO `cms_sede_deportiva` (`id`, `nombre`, `ubicacion`, `ubigeo`, `telefono`, `email`, `equipamiento`, `horario_atencion`, `costo_hora`, `responsable`, `foto_inicio`, `fecharegistro`, `usuarioregistro`, `fechamodificacion`, `usuariomodificacion`, `estado`) VALUES
(1, 'estadio nacional', 'lima cercado', 1, '2345673', 'enacional@prueba.com', 'Lorem Ipsum es simplemente el texto de relleno de las imprentas y archivos de texto. Lorem Ipsum ha sido el texto de relleno estándar de las industrias desde el año 1500, cuando un impresor (N. del T. persona que se dedica a la imprenta) desconocido usó una galería de textos y los mezcló de tal manera que logró hacer un libro de textos especimen. No sólo sobrevivió 500 años, sino que tambien ingresó como texto de relleno en documentos electrónicos, quedando esencialmente igual al original. Fue popularizado en los 60s con la creación de las hojas "Letraset", las cuales contenian pasajes de Lorem Ipsum, y más recientemente con software de autoedición, como por ejemplo Aldus PageMaker, el cual incluye versiones de Lorem Ipsum.', '9:00 am - 6:00pm', '50 soles', 'gustavo dimas', '', '2013-06-10 15:46:51', 1, NULL, NULL, '0'),
(2, 'estadio alberto gallardo', 'san martin', 2, '3212345', 'albertogalardo@prueba.com', 'Lorem Ipsum es simplemente el texto de relleno de las imprentas y archivos de texto. Lorem Ipsum ha sido el texto de relleno estándar de las industrias desde el año 1500, cuando un impresor (N. del T. persona que se dedica a la imprenta) desconocido usó una galería de textos y los mezcló de tal manera que logró hacer un libro de textos especimen. No sólo sobrevivió 500 años, sino que tambien ingresó como texto de relleno en documentos electrónicos, quedando esencialmente igual al original. Fue popularizado en los 60s con la creación de las hojas "Letraset", las cuales contenian pasajes de Lorem Ipsum, y más recientemente con software de autoedición, como por ejemplo Aldus PageMaker, el cual incluye versiones de Lorem Ipsum.', '9:00 am - 6:00pm', '50 soles', 'gustavo zuñiga', '', '2013-06-10 15:46:51', 1, NULL, NULL, '0'),
(3, 'estadio de tavo33', 'Av. los Jasminez #343', 1346, '12345678', 'amadeusc2@gmail.com', '', '12:00', '20 $', 'kike', '30139.jpg', '2013-06-21 00:00:00', 1, '2013-06-24 00:00:00', 1, '1'),
(4, 'sede deportiva arequipa', 'Av los alisos 234', 1346, '12345678', 'amadeusc2@gmail.com', '', '12:00', '20 $', 'tavo arequipa', '1136.jpg', '2013-06-24 00:00:00', 1, NULL, NULL, '1'),
(5, 'sede lima 2', 'av. camana #1234', 1346, '125415624', 'emaillima@hotmail.com', '', '13.00', 'S/. 100 ', 'maria parado', '18542.jpg', '2013-06-24 00:00:00', 1, NULL, NULL, '1'),
(6, 'sede cusco 1', 'av los incas 123', 1346, '12413254', 'cuso@hotmail.com', '', '2 am. a 10 pm.', 'S/. 100 ', 'toledo', '', '2013-06-24 00:00:00', 1, NULL, NULL, '1'),
(7, 'cusco 2', 'av. los girasoles', 1346, '147852459', 'cusco2@gmail.com', '', '10:00 am a 12:00 pm', 'S/. 58.00 ', 'jose martinez', '30620.jpg', '2013-06-24 00:00:00', 1, NULL, NULL, '1'),
(8, 'estadio amazonas', 'av anacondan 123', 1346, '144144444', 'amazonas@gmail.com', '', '12:00', 'S/. 58.00 ', 'kike gilez', '9637.jpg', '2013-06-24 00:00:00', 1, NULL, NULL, '1'),
(9, 'sede chiclayo', 'av los marines', 1346, '12345678', 'amadeusc2@gmail.com', '', '10:00 am a 12:00 pm', 'S/. 100 ', 'kike gilez', '25293.jpg', '2013-06-24 00:00:00', 1, NULL, NULL, '1'),
(10, 'sede de tacna', 'Av. ciudad eroica 1234', 1780, '12345678', 'emaillima@hotmail.com', '', '13.00', '20 $', 'zaul', '14210.jpg', '2013-06-24 00:00:00', 1, NULL, NULL, '1'),
(11, 'sede ica', 'av. los ica 123', 956, '145454562', 'emaillima@hotmail.com', '', '2 am. a 10 pm.', 'S/. 100 ', 'kike', '28307.jpg', '2013-06-24 00:00:00', 1, NULL, NULL, '1');

-- --------------------------------------------------------

--
-- Estructura de tabla para la tabla `cms_usuario`
--

CREATE TABLE IF NOT EXISTS `cms_usuario` (
  `id` int(11) NOT NULL AUTO_INCREMENT,
  `username` varchar(45) COLLATE utf8_unicode_ci NOT NULL,
  `password` varchar(45) COLLATE utf8_unicode_ci NOT NULL,
  `email` varchar(45) COLLATE utf8_unicode_ci NOT NULL,
  `fecharegistro` datetime NOT NULL,
  `estado` char(1) COLLATE utf8_unicode_ci DEFAULT NULL,
  `firstname` varchar(45) COLLATE utf8_unicode_ci DEFAULT NULL,
  `lastname` varchar(45) COLLATE utf8_unicode_ci DEFAULT NULL,
  `city` varchar(45) COLLATE utf8_unicode_ci DEFAULT NULL,
  `country` varchar(45) COLLATE utf8_unicode_ci DEFAULT NULL,
  PRIMARY KEY (`id`)
) ENGINE=InnoDB  DEFAULT CHARSET=utf8 COLLATE=utf8_unicode_ci AUTO_INCREMENT=4 ;

--
-- Volcado de datos para la tabla `cms_usuario`
--

INSERT INTO `cms_usuario` (`id`, `username`, `password`, `email`, `fecharegistro`, `estado`, `firstname`, `lastname`, `city`, `country`) VALUES
(1, 'gustavo', 'gustavo', 'gustavo@prueba.com', '0000-00-00 00:00:00', '1', 'gustavo', 'zuñiga', 'lima', 'peru'),
(2, 'jorge', 'e10adc3949ba59abbe56e057f20f883e', 'jrva@prueba.com', '0000-00-00 00:00:00', NULL, 'jorge alberto', 'rivas rivas', 'lima', 'peru'),
(3, 'demo', 'fe01ce2a7fbac8fafaed7c982a04e229', 'demo@prueba.com', '0000-00-00 00:00:00', NULL, 'demo', 'demo', 'lima', 'peru');

-- --------------------------------------------------------

--
-- Estructura de tabla para la tabla `disciplinas`
--

CREATE TABLE IF NOT EXISTS `disciplinas` (
  `id` int(11) NOT NULL AUTO_INCREMENT,
  `nombre` text COLLATE utf8_unicode_ci NOT NULL,
  `estado` char(1) COLLATE utf8_unicode_ci NOT NULL,
  `usuarioregistro` int(11) NOT NULL,
  `usuariomodificacion` int(11) NOT NULL,
  `fecharegistro` datetime DEFAULT NULL,
  `fechamodificacion` datetime DEFAULT NULL,
  PRIMARY KEY (`id`)
) ENGINE=InnoDB  DEFAULT CHARSET=utf8 COLLATE=utf8_unicode_ci AUTO_INCREMENT=50 ;

--
-- Volcado de datos para la tabla `disciplinas`
--

INSERT INTO `disciplinas` (`id`, `nombre`, `estado`, `usuarioregistro`, `usuariomodificacion`, `fecharegistro`, `fechamodificacion`) VALUES
(1, 'Actividades Sub Acuáticas', '1', 1, 0, '2013-06-25 00:00:00', NULL),
(2, 'Aerodeportiva del Perú', '1', 1, 0, '2013-06-25 00:00:00', NULL),
(3, 'Ajedrez', '1', 1, 0, '2013-06-25 00:00:00', NULL),
(4, 'Andinismo y Deportes de Invierno', '1', 1, 0, '2013-06-25 00:00:00', NULL),
(5, 'Atletismo', '1', 1, 0, '2013-06-25 00:00:00', NULL),
(6, 'Automovilismo Deportivo', '1', 1, 0, '2013-06-25 00:00:00', NULL),
(7, 'Bádminton', '1', 1, 0, '2013-06-25 00:00:00', NULL),
(8, 'Básketbol', '1', 1, 0, '2013-06-25 00:00:00', NULL),
(9, 'Béisbol', '1', 1, 0, '2013-06-25 00:00:00', NULL),
(10, 'Billar', '1', 1, 0, '2013-06-25 00:00:00', NULL),
(11, 'Bochas', '1', 1, 0, '2013-06-25 00:00:00', NULL),
(12, 'Bowling', '1', 1, 0, '2013-06-25 00:00:00', NULL),
(13, 'Boxeo', '1', 1, 0, '2013-06-25 00:00:00', NULL),
(14, 'Bridge', '1', 1, 0, '2013-06-25 00:00:00', NULL),
(15, 'Ciclismo', '1', 1, 0, '2013-06-25 00:00:00', NULL),
(16, 'Deportes Ecuestres', '1', 1, 0, '2013-06-25 00:00:00', NULL),
(17, 'Esgrima', '1', 1, 0, '2013-06-25 00:00:00', NULL),
(18, 'Esqui Acuático', '1', 1, 0, '2013-06-25 00:00:00', NULL),
(19, 'Físico Culturismo y Fitness', '1', 1, 0, '2013-06-25 00:00:00', NULL),
(20, 'Fútbol', '1', 1, 0, '2013-06-25 00:00:00', NULL),
(21, 'Gimnasia', '1', 1, 0, '2013-06-25 00:00:00', NULL),
(22, 'Golf', '1', 1, 0, '2013-06-25 00:00:00', NULL),
(23, 'Handball', '1', 1, 0, '2013-06-25 00:00:00', NULL),
(24, 'Hockey', '1', 1, 0, '2013-06-25 00:00:00', NULL),
(25, 'Judo', '1', 1, 0, '2013-06-25 00:00:00', NULL),
(26, 'Karate', '1', 1, 0, '2013-06-25 00:00:00', NULL),
(27, 'Kartismo', '1', 1, 0, '2013-06-25 00:00:00', NULL),
(28, 'Kick Boxing', '1', 1, 0, '2013-06-25 00:00:00', NULL),
(29, 'Kung Fu', '1', 1, 0, '2013-06-25 00:00:00', NULL),
(30, 'Levantamiento de Pesas', '1', 1, 0, '2013-06-25 00:00:00', NULL),
(31, 'Levantamiento de Potencia', '1', 1, 0, '2013-06-25 00:00:00', NULL),
(32, 'Lucha Amateur', '1', 1, 0, '2013-06-25 00:00:00', NULL),
(33, 'Motociclismo', '1', 1, 0, '2013-06-25 00:00:00', NULL),
(34, 'Motonáutica', '1', 1, 0, '2013-06-25 00:00:00', NULL),
(35, 'Muay Thai', '1', 1, 0, '2013-06-25 00:00:00', NULL),
(36, 'Natación', '1', 1, 0, '2013-06-25 00:00:00', NULL),
(37, 'Paleta Frontón', '1', 1, 0, '2013-06-25 00:00:00', NULL),
(38, 'Remo', '1', 1, 0, '2013-06-25 00:00:00', NULL),
(39, 'Rugby', '1', 1, 0, '2013-06-25 00:00:00', NULL),
(40, 'Softbol', '1', 1, 0, '2013-06-25 00:00:00', NULL),
(41, 'Squash Racket', '1', 1, 0, '2013-06-25 00:00:00', NULL),
(42, 'Tabla', '1', 1, 0, '2013-06-25 00:00:00', NULL),
(43, 'Tae Kwon Do', '1', 1, 0, '2013-06-25 00:00:00', NULL),
(44, 'Tenis de Mesa', '1', 1, 0, '2013-06-25 00:00:00', NULL),
(45, 'Tiro', '1', 1, 0, '2013-06-25 00:00:00', NULL),
(46, 'Tiro con Arco', '1', 1, 0, '2013-06-25 00:00:00', NULL),
(47, 'Triatlón', '1', 1, 0, '2013-06-25 00:00:00', NULL),
(48, 'Vela', '1', 1, 0, '2013-06-25 00:00:00', NULL),
(49, 'Voleibol', '1', 1, 0, '2013-06-25 00:00:00', NULL);

-- --------------------------------------------------------

--
-- Estructura de tabla para la tabla `equipos`
--

CREATE TABLE IF NOT EXISTS `equipos` (
  `id` int(11) NOT NULL AUTO_INCREMENT,
  `nombre` varchar(80) COLLATE utf8_unicode_ci NOT NULL,
  `deporte` varchar(45) COLLATE utf8_unicode_ci NOT NULL,
  `id_disciplinas` int(11) NOT NULL,
  `direccion_postal` varchar(45) COLLATE utf8_unicode_ci DEFAULT NULL,
  `ubigeo` int(11) NOT NULL,
  `telefono` varchar(45) COLLATE utf8_unicode_ci DEFAULT NULL,
  `email` varchar(45) COLLATE utf8_unicode_ci NOT NULL,
  `estado` char(1) COLLATE utf8_unicode_ci DEFAULT '0',
  `foto_inicio` text COLLATE utf8_unicode_ci NOT NULL,
  `destacado` char(1) COLLATE utf8_unicode_ci NOT NULL COMMENT 'destacado = 1, sin destacar = 0',
  `fecharegistro` datetime DEFAULT NULL,
  `fechamodificacion` datetime DEFAULT NULL,
  `usuarioregistro` int(11) DEFAULT NULL,
  `usuariomodificacion` int(11) DEFAULT NULL,
  PRIMARY KEY (`id`)
) ENGINE=InnoDB  DEFAULT CHARSET=utf8 COLLATE=utf8_unicode_ci AUTO_INCREMENT=12 ;

--
-- Volcado de datos para la tabla `equipos`
--

INSERT INTO `equipos` (`id`, `nombre`, `deporte`, `id_disciplinas`, `direccion_postal`, `ubigeo`, `telefono`, `email`, `estado`, `foto_inicio`, `destacado`, `fecharegistro`, `fechamodificacion`, `usuarioregistro`, `usuariomodificacion`) VALUES
(1, 'sportin cristal', 'futbol', 0, NULL, 0, '3452345', 'scristal@prueba.com', '0', '', '', NULL, NULL, 1, NULL),
(2, 'univesitario de deprotes', 'futbol', 0, NULL, 0, '12342345', 'univdeportes@prueba.com', '0', '', '', NULL, NULL, 1, NULL),
(3, 'sarita colonia', 'voley', 0, NULL, 0, '7856567', 'saritacolonia@prueba.com', '0', '', '', NULL, NULL, 1, NULL),
(4, 'los cedros de san silvestre', 'futbol', 0, 'lima', 0, '123456', 'prueba1@prueba.com', '1', '', '', '2013-06-19 21:57:46', NULL, 1, NULL),
(5, 'equipo uno', 'futbol', 20, 'av. los alisos #23', 1346, '838483723', 'amadeusc2@gmail.com', '1', '', '', '2013-06-26 09:56:33', NULL, 1, NULL),
(6, 'equipo dos ', 'futbol', 20, 'av. los sultanes #323', 1269, '7575757575', 'amadeusc5@gmail.com', '1', '', '', '2013-06-26 10:00:48', NULL, 1, NULL),
(7, 'equipo tres', 'fultob', 5, 'av. los alisos #23', 1346, '344234234', 'amadeusc5@gmail.com', '1', '', '', '2013-06-26 10:17:12', NULL, 1, NULL),
(8, 'equipo cuatro', 'futbol', 20, 'av. los jerus #123', 1346, '36363743', 'amadeusc2@hotmail.com', '1', '', '', '2013-06-26 11:54:48', NULL, 1, NULL),
(9, 'equipo cinco', 'futbol', 20, 'av. los jerus #123', 1346, '12345', 'amadeusc2@hotmail.com', '1', '', '0', '2013-06-26 12:47:40', '2013-06-27 15:47:58', 1, 1),
(10, 'equipo seis', 'futl', 6, 'av. los sultinos #33', 440, '12345678', 'amadeusc2@gmail.com', '1', '', '1', '2013-06-26 13:36:27', '2013-06-26 15:47:32', 1, 1),
(11, 'los super campeones ', 'futbol', 20, 'av. los alisos #23', 1269, '12345678', 'amadeusc2@gmail.com', '1', '12618.jpg', '', '2013-07-01 10:23:43', '2013-07-01 12:54:39', 1, 1);

-- --------------------------------------------------------

--
-- Estructura de tabla para la tabla `equipos_fotos`
--

CREATE TABLE IF NOT EXISTS `equipos_fotos` (
  `id` int(11) NOT NULL AUTO_INCREMENT,
  `id_equipos` int(11) DEFAULT NULL,
  `nombre` text COLLATE utf8_unicode_ci NOT NULL,
  `ruta` text COLLATE utf8_unicode_ci NOT NULL,
  `estado` char(1) COLLATE utf8_unicode_ci NOT NULL,
  `usuarioregistro` int(11) NOT NULL,
  `usuariomodificacion` int(11) NOT NULL,
  `fecharegistro` datetime DEFAULT NULL,
  `fechamodificacion` datetime DEFAULT NULL,
  PRIMARY KEY (`id`)
) ENGINE=InnoDB  DEFAULT CHARSET=utf8 COLLATE=utf8_unicode_ci AUTO_INCREMENT=18 ;

--
-- Volcado de datos para la tabla `equipos_fotos`
--

INSERT INTO `equipos_fotos` (`id`, `id_equipos`, `nombre`, `ruta`, `estado`, `usuarioregistro`, `usuariomodificacion`, `fecharegistro`, `fechamodificacion`) VALUES
(1, NULL, '21131.jpg', 'C:\\wamp\\www\\ipdportal-tavo\\application/../data/uploads/', '1', 1, 0, '2013-06-26 00:00:00', NULL),
(2, NULL, '12136.jpg', 'C:\\wamp\\www\\ipdportal-tavo\\application/../data/uploads/', '1', 1, 0, '2013-06-26 00:00:00', NULL),
(3, NULL, '3969.jpg', 'C:\\wamp\\www\\ipdportal-tavo\\application/../data/uploads/', '1', 1, 0, '2013-06-26 00:00:00', NULL),
(4, 6, '24317.jpg', 'C:\\wamp\\www\\ipdportal-tavo\\application/../data/uploads/', '1', 1, 0, '2013-06-26 00:00:00', NULL),
(5, 6, '14322.jpg', 'C:\\wamp\\www\\ipdportal-tavo\\application/../data/uploads/', '1', 1, 0, '2013-06-26 00:00:00', NULL),
(6, 7, '15939.jpg', 'C:\\wamp\\www\\ipdportal-tavo\\application/../data/uploads/equipos/', '1', 1, 0, '2013-06-26 00:00:00', NULL),
(7, 7, '7360.jpg', 'C:\\wamp\\www\\ipdportal-tavo\\application/../data/uploads/equipos/', '1', 1, 0, '2013-06-26 00:00:00', NULL),
(8, 8, '23094.jpg', 'C:\\wamp\\www\\ipdportal-tavo\\application/../data/uploads/equipos/', '1', 1, 0, '2013-06-26 00:00:00', NULL),
(9, 8, '3383.jpg', 'C:\\wamp\\www\\ipdportal-tavo\\application/../data/uploads/equipos/', '1', 1, 0, '2013-06-26 00:00:00', NULL),
(10, 9, '4772.jpg', 'C:\\wamp\\www\\ipdportal-tavo\\application/../data/uploads/equipos/', '1', 1, 0, '2013-06-26 00:00:00', NULL),
(11, 9, '6157.jpg', 'C:\\wamp\\www\\ipdportal-tavo\\application/../data/uploads/equipos/', '1', 1, 0, '2013-06-26 00:00:00', NULL),
(16, 10, '8893.jpg', 'C:\\wamp\\www\\ipdportal-tavo\\application/../data/uploads/equipos/', '1', 1, 0, '2013-06-26 00:00:00', NULL),
(17, 11, '12618.jpg', 'C:\\wamp\\www\\ipdportal-tavo2\\application/../data/uploads/equipos/', '1', 1, 0, '2013-07-01 00:00:00', NULL);

-- --------------------------------------------------------

--
-- Estructura de tabla para la tabla `equipos_videos`
--

CREATE TABLE IF NOT EXISTS `equipos_videos` (
  `id` int(11) NOT NULL AUTO_INCREMENT,
  `id_equipos` int(11) DEFAULT NULL,
  `nombre` text COLLATE utf8_unicode_ci NOT NULL,
  `ruta` text COLLATE utf8_unicode_ci NOT NULL,
  `estado` char(1) COLLATE utf8_unicode_ci NOT NULL,
  `usuarioregistro` int(11) NOT NULL,
  `usuariomodificacion` int(11) NOT NULL,
  `fecharegistro` datetime DEFAULT NULL,
  `fechamodificacion` datetime DEFAULT NULL,
  PRIMARY KEY (`id`)
) ENGINE=InnoDB  DEFAULT CHARSET=utf8 COLLATE=utf8_unicode_ci AUTO_INCREMENT=9 ;

--
-- Volcado de datos para la tabla `equipos_videos`
--

INSERT INTO `equipos_videos` (`id`, `id_equipos`, `nombre`, `ruta`, `estado`, `usuarioregistro`, `usuariomodificacion`, `fecharegistro`, `fechamodificacion`) VALUES
(4, 10, 'https://www.youtube.com/watch?v=bz_0YNfHQnU', '', '1', 1, 0, '2013-06-26 00:00:00', NULL),
(6, 10, 'https://www.youtube.com/watch?v=bz_0YNfrr', '', '1', 1, 0, '2013-06-26 00:00:00', NULL),
(7, 9, 'https://www.youtube.com/watch?v=sgfQVmCuCrI', '', '1', 1, 0, '2013-06-27 00:00:00', NULL),
(8, 11, 'https://www.youtube.com/watch?v=bz_0YNfHQnU', '', '1', 1, 0, '2013-07-01 00:00:00', NULL);

-- --------------------------------------------------------

--
-- Estructura de tabla para la tabla `eventos`
--

CREATE TABLE IF NOT EXISTS `eventos` (
  `id` int(11) NOT NULL AUTO_INCREMENT,
  `nombre_evento` varchar(100) COLLATE utf8_unicode_ci DEFAULT NULL,
  `descripcion` text COLLATE utf8_unicode_ci,
  `lugar` text COLLATE utf8_unicode_ci NOT NULL,
  `ubigeo` int(11) NOT NULL,
  `fecha` datetime DEFAULT NULL,
  `hora` datetime NOT NULL,
  `fotos` varchar(100) COLLATE utf8_unicode_ci NOT NULL,
  `videos` varchar(100) COLLATE utf8_unicode_ci NOT NULL,
  `mapa_latitud` text COLLATE utf8_unicode_ci NOT NULL,
  `mapa_longitud` text COLLATE utf8_unicode_ci NOT NULL,
  `inscritos` int(11) NOT NULL,
  `estado` char(1) COLLATE utf8_unicode_ci NOT NULL,
  `usuarioregistro` int(11) NOT NULL,
  `usuariomodificasion` int(11) NOT NULL,
  `fecharegistro` datetime DEFAULT NULL,
  `fechamodificasion` datetime DEFAULT NULL,
  PRIMARY KEY (`id`)
) ENGINE=InnoDB  DEFAULT CHARSET=utf8 COLLATE=utf8_unicode_ci AUTO_INCREMENT=25 ;

--
-- Volcado de datos para la tabla `eventos`
--

INSERT INTO `eventos` (`id`, `nombre_evento`, `descripcion`, `lugar`, `ubigeo`, `fecha`, `hora`, `fotos`, `videos`, `mapa_latitud`, `mapa_longitud`, `inscritos`, `estado`, `usuarioregistro`, `usuariomodificasion`, `fecharegistro`, `fechamodificasion`) VALUES
(1, 'Dia del Deporte', 'es simplemente el texto de relleno de las imprentas y archivos de texto. Lorem Ipsum ha sido el texto de relleno estÃ¡ndar de las industrias desde el aÃ±o 1500, cuando un impresor (N. del T. persona que se dedica a la imprenta) desconocido usÃ³ una galerÃ­a de textos y los mezclÃ³ de tal manera que logrÃ³ hacer un libro de textos especimen. No sÃ³lo sobreviviÃ³ 500 aÃ±os, sino que tambien ingresÃ³ como texto de relleno en documentos electrÃ³nicos, quedando esencialmente igual al original. Fue popularizado en los 60s con la creaciÃ³n de las hojas "Letraset", las cuales contenian pasajes de Lorem Ipsum, y mÃ¡s recientemente con software de autoediciÃ³n, como por ejemplo Aldus PageMaker, el cual incluye versiones de Lorem Ipsum.', '', 1, '2013-07-01 00:00:00', '2013-07-01 16:00:00', '', '', '', '', 0, '1', 1, 2, '2013-05-20 00:00:00', '2013-05-21 00:00:00'),
(2, 'Dia del Padre', 'es simplemente el texto de relleno de las imprentas y archivos de texto. Lorem Ipsum ha sido el texto de relleno estÃ¡ndar de las industrias desde el aÃ±o 1500, cuando un impresor (N. del T. persona que se dedica a la imprenta) desconocido usÃ³ una galerÃ­a de textos y los mezclÃ³ de tal manera que logrÃ³ hacer un libro de textos especimen. No sÃ³lo sobreviviÃ³ 500 aÃ±os, sino que tambien ingresÃ³ como texto de relleno en documentos electrÃ³nicos, quedando esencialmente igual al original. Fue popularizado en los 60s con la creaciÃ³n de las hojas "Letraset", las cuales contenian pasajes de Lorem Ipsum, y mÃ¡s recientemente con software de autoediciÃ³n, como por ejemplo Aldus PageMaker, el cual incluye versiones de Lorem Ipsum.', '', 2, '2013-07-03 00:00:00', '2013-07-01 10:00:00', '', '', '', '', 0, '1', 1, 2, '2013-05-28 00:00:00', '2013-05-28 00:00:00'),
(3, 'Dí­a de la independencia', 'descripcion breve del dia de la independencia, para una muestra de ejemplo', 'av. los jasminez # 124', 0, '2013-07-09 00:00:00', '2013-07-03 15:00:00', '', '', '', '', 0, '1', 1, 1, '2013-06-03 00:00:00', '2013-06-03 00:00:00'),
(4, 'boxeo general', 'descripcion breve del boxeo general para este departamento', 'coliseo donde peleo kina mal partida #23,callao', 0, '2013-06-03 00:00:00', '2013-06-03 15:00:00', '', '', '', '', 0, '1', 1, 1, '2013-06-03 00:00:00', '2013-06-03 00:00:00'),
(5, 'titulo 1', 'descripcion 1', 'av. los alisos #23', 0, '2013-06-10 00:00:00', '0000-00-00 00:00:00', '', '', '', '', 0, '1', 1, 0, '2013-06-10 00:00:00', NULL),
(6, 'titul2', 'descripcionsss', 'av. los alisos #23', 1346, '2013-06-18 00:00:00', '2013-06-13 04:12:00', '', '', '', '', 0, '1', 1, 0, '2013-06-12 00:00:00', NULL),
(7, 'titulo3', 'dd', 'ddd', 1346, '2013-06-10 00:00:00', '0000-00-00 00:00:00', '', '', '', '', 0, '1', 1, 0, '2013-06-12 00:00:00', NULL),
(8, 'titulo4', 'dddd', 'av. los alisos #23', 1346, '2013-05-24 00:00:00', '0000-00-00 00:00:00', '', '', '', '', 0, '1', 1, 0, '2013-06-12 00:00:00', NULL),
(9, 'titulo5', 'ddd', 'av. los alisos #23', 1346, '2013-06-10 00:00:00', '0000-00-00 00:00:00', '', '', '', '', 0, '1', 1, 0, '2013-06-12 00:00:00', NULL),
(10, 'titulo 10', 'dsss', 'av. los alisos #23', 1346, '2013-06-19 00:00:00', '0000-00-00 00:00:00', '', '', '', '', 0, '2', 1, 0, '2013-06-12 00:00:00', NULL),
(11, 'titulo 11', 'ddd', 'av. los alisos #23', 1346, '2013-05-24 00:00:00', '0000-00-00 00:00:00', '', '', '', '', 0, '1', 1, 0, '2013-06-12 00:00:00', NULL),
(12, 'titulo 12', 'd', 'd', 1346, '2013-05-24 00:00:00', '0000-00-00 00:00:00', '', '', '', '', 0, '1', 1, 0, '2013-06-12 00:00:00', NULL),
(13, 'titulo 13', 'd', 'd', 1346, '2013-05-24 00:00:00', '0000-00-00 00:00:00', '', '', '', '', 0, '1', 1, 0, '2013-06-12 00:00:00', NULL),
(14, 'titulo 14', 'descripcionn ss', 'av. los alisos #23', 1346, '2013-07-20 00:00:00', '0000-00-00 00:00:00', '', '', '', '', 0, '2', 1, 0, '2013-06-12 00:00:00', NULL),
(15, 'titulo 15', 'des', 'av. los alisos #23', 1346, '2013-07-18 00:00:00', '2018-12-19 00:00:00', '', '', '', '', 0, '2', 1, 0, '2013-06-12 00:00:00', NULL),
(16, 'titulo 16', 'dddd', 'av. los alisos #23', 1346, '2013-07-20 00:00:00', '2013-06-12 13:23:00', '', '', '', '', 0, '2', 1, 0, '2013-06-12 00:00:00', NULL),
(17, 'eventos 17', 'ddd', 'av. los alisos #23', 1346, '0000-00-00 00:00:00', '0000-00-00 00:00:00', '', '', '', '', 0, '1', 1, 0, '2013-06-12 00:00:00', NULL),
(18, 'titulo 18', 'ddd', 'av. los alisos #23', 1346, '0000-00-00 00:00:00', '0000-00-00 00:00:00', '', '', '', '', 0, '1', 1, 0, '2013-06-12 00:00:00', NULL),
(19, 'titulo 19', 'dd', 'av. los alisos #23', 1346, '0000-00-00 00:00:00', '0000-00-00 00:00:00', '', '', '', '', 0, '1', 1, 0, '2013-06-12 00:00:00', NULL),
(20, 'titulo 20', 'dddd', 'av. los alisos #23', 1346, '2013-07-29 00:00:00', '2013-07-29 18:00:00', '', '', '', '', 0, '2', 1, 0, '2013-06-12 00:00:00', NULL),
(21, 'nuevo evento 1', 'descripcion de nuevo eveno 1', 'av. los alisos #23', 1346, '2013-11-20 00:00:00', '2013-11-20 12:00:00', '', '', '', '', 0, '1', 1, 1, '2013-06-18 00:00:00', '2013-07-04 00:00:00'),
(22, 'nuevo evento 2', 'descripcion de nuevo evento2', 'av. los alisos #23', 1346, '2013-05-20 00:00:00', '2013-05-20 14:00:00', '', '', '', '', 0, '1', 1, 0, '2013-06-18 00:00:00', NULL),
(23, 'nuevo evento 3', 'ddsccip de', 'av. los alisos #23', 1346, '2013-06-18 00:00:00', '2013-06-18 13:00:00', '', '', '', '', 0, '1', 1, 0, '2013-06-18 00:00:00', NULL),
(24, 'nuevo evento 4', 'descripcion de evento 4', 'av. los alisos #23', 1346, '2013-06-18 00:00:00', '2013-06-18 13:30:00', '', '', '-12.041293206463099', '-77.01985716819763\n', 0, '1', 1, 1, '2013-06-18 00:00:00', '2013-06-19 00:00:00');

-- --------------------------------------------------------

--
-- Estructura de tabla para la tabla `eventos_equipos`
--

CREATE TABLE IF NOT EXISTS `eventos_equipos` (
  `id` int(11) NOT NULL AUTO_INCREMENT,
  `id_eventos` int(11) DEFAULT NULL,
  `id_equipos` int(11) DEFAULT NULL,
  `estado` char(1) COLLATE utf8_unicode_ci NOT NULL,
  `usuarioregistro` int(11) NOT NULL,
  `usuariomodificacion` int(11) NOT NULL,
  `fecharegistro` datetime DEFAULT NULL,
  `fechamodificacion` datetime DEFAULT NULL,
  PRIMARY KEY (`id`)
) ENGINE=InnoDB  DEFAULT CHARSET=utf8 COLLATE=utf8_unicode_ci AUTO_INCREMENT=4 ;

--
-- Volcado de datos para la tabla `eventos_equipos`
--

INSERT INTO `eventos_equipos` (`id`, `id_eventos`, `id_equipos`, `estado`, `usuarioregistro`, `usuariomodificacion`, `fecharegistro`, `fechamodificacion`) VALUES
(1, 2, 11, '1', 1, 1, '2013-07-01 10:23:43', '2013-07-01 12:54:39'),
(3, 3, 11, '1', 1, 0, '2013-07-02 16:03:16', NULL);

-- --------------------------------------------------------

--
-- Estructura de tabla para la tabla `eventos_fotos`
--

CREATE TABLE IF NOT EXISTS `eventos_fotos` (
  `id` int(11) NOT NULL AUTO_INCREMENT,
  `id_eventos` int(11) DEFAULT NULL,
  `nombre` text COLLATE utf8_unicode_ci NOT NULL,
  `ruta` text COLLATE utf8_unicode_ci NOT NULL,
  `estado` char(1) COLLATE utf8_unicode_ci NOT NULL,
  `usuarioregistro` int(11) NOT NULL,
  `usuariomodificasion` int(11) NOT NULL,
  `fecharegistro` datetime DEFAULT NULL,
  `fechamodificasion` datetime DEFAULT NULL,
  PRIMARY KEY (`id`)
) ENGINE=InnoDB  DEFAULT CHARSET=utf8 COLLATE=utf8_unicode_ci AUTO_INCREMENT=13 ;

--
-- Volcado de datos para la tabla `eventos_fotos`
--

INSERT INTO `eventos_fotos` (`id`, `id_eventos`, `nombre`, `ruta`, `estado`, `usuarioregistro`, `usuariomodificasion`, `fecharegistro`, `fechamodificasion`) VALUES
(1, 7, '11722.jpg', 'C:/data/uploads/', '1', 1, 0, '2013-06-12 00:00:00', NULL),
(2, 7, '15163.jpg', 'C:/data/uploads/', '1', 1, 0, '2013-06-12 00:00:00', NULL),
(3, 7, '25176.jpg', 'C:/data/uploads/', '1', 1, 0, '2013-06-12 00:00:00', NULL),
(4, 8, '24497.jpg', 'C:/data/uploads/', '1', 1, 0, '2013-06-12 00:00:00', NULL),
(5, 21, '26545.jpg', 'C:/data/uploads/', '1', 1, 0, '2013-06-18 00:00:00', NULL),
(6, 21, '17558.jpg', 'C:/data/uploads/', '1', 1, 0, '2013-06-18 00:00:00', NULL),
(7, 22, '23547.jpg', 'C:\\wamp\\www\\ipdportal\\application/../data/uploads/', '1', 1, 0, '2013-06-18 00:00:00', NULL),
(10, 23, '18354.jpg', 'C:\\wamp\\www\\ipdportal\\application/../data/uploads/', '1', 1, 0, '2013-06-18 00:00:00', NULL),
(11, 23, '29443.jpg', 'C:\\wamp\\www\\ipdportal\\application/../data/uploads/', '1', 1, 0, '2013-06-18 00:00:00', NULL),
(12, 24, '19862.jpg', 'C:\\wamp\\www\\ipdportal\\application/../data/uploads/', '1', 1, 0, '2013-06-18 00:00:00', NULL);

-- --------------------------------------------------------

--
-- Estructura de tabla para la tabla `eventos_participar`
--

CREATE TABLE IF NOT EXISTS `eventos_participar` (
  `id` int(11) NOT NULL AUTO_INCREMENT,
  `id_usuario` int(11) DEFAULT NULL,
  `id_evento` int(11) DEFAULT NULL,
  `fecha` datetime DEFAULT NULL,
  `estado` char(1) COLLATE utf8_unicode_ci DEFAULT NULL,
  `fecharegistro` datetime NOT NULL,
  `fechamodificacion` datetime NOT NULL,
  `usuarioregisgro` int(11) NOT NULL,
  `usuariomodificacion` int(11) NOT NULL,
  PRIMARY KEY (`id`)
) ENGINE=InnoDB DEFAULT CHARSET=utf8 COLLATE=utf8_unicode_ci AUTO_INCREMENT=1 ;

-- --------------------------------------------------------

--
-- Estructura de tabla para la tabla `eventos_videos`
--

CREATE TABLE IF NOT EXISTS `eventos_videos` (
  `id` int(11) NOT NULL AUTO_INCREMENT,
  `id_eventos` int(11) DEFAULT NULL,
  `nombre` text COLLATE utf8_unicode_ci NOT NULL,
  `ruta` text COLLATE utf8_unicode_ci NOT NULL,
  `estado` char(1) COLLATE utf8_unicode_ci NOT NULL,
  `usuarioregistro` int(11) NOT NULL,
  `usuariomodificasion` int(11) NOT NULL,
  `fecharegistro` datetime DEFAULT NULL,
  `fechamodificasion` datetime DEFAULT NULL,
  PRIMARY KEY (`id`)
) ENGINE=InnoDB  DEFAULT CHARSET=utf8 COLLATE=utf8_unicode_ci AUTO_INCREMENT=13 ;

--
-- Volcado de datos para la tabla `eventos_videos`
--

INSERT INTO `eventos_videos` (`id`, `id_eventos`, `nombre`, `ruta`, `estado`, `usuarioregistro`, `usuariomodificasion`, `fecharegistro`, `fechamodificasion`) VALUES
(2, 10, 'https://www.youtube.com/watch?v=bz_0YNfHQnU', '', '1', 1, 0, '2013-06-12 00:00:00', NULL),
(3, 10, 'https://www.youtube.com/watch?v=xe9MtVRN7I4', '', '1', 1, 0, '2013-06-12 00:00:00', NULL),
(4, 12, 'https://www.youtube.com/watch?v=xe9MtVRN7I4', '', '1', 1, 0, '2013-06-12 00:00:00', NULL),
(5, 21, 'http://www.youtube.com/watch?v=7i6Nsts3M1I', '', '1', 1, 0, '2013-06-18 00:00:00', NULL),
(6, 21, 'http://www.youtube.com/watch?v=CXT6YwC22GQ', '', '1', 1, 0, '2013-06-18 00:00:00', NULL),
(7, 22, 'http://www.youtube.com/watch?v=CXT6YwC22GQ', '', '1', 1, 0, '2013-06-18 00:00:00', NULL),
(8, 22, 'http://www.youtube.com/watch?v=7i6Nsts3M1I', '', '1', 1, 0, '2013-06-18 00:00:00', NULL),
(9, 23, 'http://www.youtube.com/watch?v=7i6Nsts3M1I', '', '1', 1, 0, '2013-06-18 00:00:00', NULL),
(10, 23, 'www.youtube.com/watch?v=CXT6YwC22GQ', '', '1', 1, 0, '2013-06-18 00:00:00', NULL),
(11, 24, 'https://www.youtube.com/watch?v=bz_0YNfHQnU', '', '1', 1, 0, '2013-06-18 00:00:00', NULL),
(12, 24, 'http://www.youtube.com/watch?v=hNu-jT0Upb0', '', '1', 1, 0, '2013-06-18 00:00:00', NULL);

-- --------------------------------------------------------

--
-- Estructura de tabla para la tabla `sede_deportiva_fotos`
--

CREATE TABLE IF NOT EXISTS `sede_deportiva_fotos` (
  `id` int(11) NOT NULL AUTO_INCREMENT,
  `id_sededeportiva` int(11) DEFAULT NULL,
  `nombre` text COLLATE utf8_unicode_ci NOT NULL,
  `ruta` text COLLATE utf8_unicode_ci NOT NULL,
  `estado` char(1) COLLATE utf8_unicode_ci NOT NULL,
  `usuarioregistro` int(11) NOT NULL,
  `usuariomodificasion` int(11) NOT NULL,
  `fecharegistro` datetime DEFAULT NULL,
  `fechamodificasion` datetime DEFAULT NULL,
  PRIMARY KEY (`id`)
) ENGINE=InnoDB  DEFAULT CHARSET=utf8 COLLATE=utf8_unicode_ci AUTO_INCREMENT=23 ;

--
-- Volcado de datos para la tabla `sede_deportiva_fotos`
--

INSERT INTO `sede_deportiva_fotos` (`id`, `id_sededeportiva`, `nombre`, `ruta`, `estado`, `usuarioregistro`, `usuariomodificasion`, `fecharegistro`, `fechamodificasion`) VALUES
(11, 3, '22343.jpg', 'C:\\wamp\\www\\ipdportal-tavo\\application/../data/uploads/sedes-deportivas/', '1', 1, 0, '2013-06-24 00:00:00', NULL),
(12, 4, '1136.jpg', 'C:\\wamp\\www\\ipdportal-tavo\\application/../data/uploads/sedes-deportivas/', '1', 1, 0, '2013-06-24 00:00:00', NULL),
(13, 5, '13289.jpg', 'C:\\wamp\\www\\ipdportal-tavo\\application/../data/uploads/sedes-deportivas/', '1', 1, 0, '2013-06-24 00:00:00', NULL),
(14, 5, '18542.jpg', 'C:\\wamp\\www\\ipdportal-tavo\\application/../data/uploads/sedes-deportivas/', '1', 1, 0, '2013-06-24 00:00:00', NULL),
(15, 7, '2831.jpg', 'C:\\wamp\\www\\ipdportal-tavo\\application/../data/uploads/sedes-deportivas/', '1', 1, 0, '2013-06-24 00:00:00', NULL),
(16, 7, '30620.jpg', 'C:\\wamp\\www\\ipdportal-tavo\\application/../data/uploads/sedes-deportivas/', '1', 1, 0, '2013-06-24 00:00:00', NULL),
(17, 8, '9637.jpg', 'C:\\wamp\\www\\ipdportal-tavo\\application/../data/uploads/sedes-deportivas/', '1', 1, 0, '2013-06-24 00:00:00', NULL),
(18, 9, '25293.jpg', 'C:\\wamp\\www\\ipdportal-tavo\\application/../data/uploads/sedes-deportivas/', '1', 1, 0, '2013-06-24 00:00:00', NULL),
(19, 10, '14210.jpg', 'C:\\wamp\\www\\ipdportal-tavo\\application/../data/uploads/sedes-deportivas/', '1', 1, 0, '2013-06-24 00:00:00', NULL),
(20, 11, '28307.jpg', 'C:\\wamp\\www\\ipdportal-tavo\\application/../data/uploads/sedes-deportivas/', '1', 1, 0, '2013-06-24 00:00:00', NULL),
(21, 3, '16970.jpg', 'C:\\wamp\\www\\ipdportal-tavo\\application/../data/uploads/sedes-deportivas/', '1', 1, 0, '2013-06-24 00:00:00', NULL),
(22, 3, '30139.jpg', 'C:\\wamp\\www\\ipdportal-tavo\\application/../data/uploads/sedes-deportivas/', '1', 1, 0, '2013-06-24 00:00:00', NULL);

-- --------------------------------------------------------

--
-- Estructura de tabla para la tabla `ubigeo`
--

CREATE TABLE IF NOT EXISTS `ubigeo` (
  `id` int(11) NOT NULL AUTO_INCREMENT,
  `departamento` varchar(70) COLLATE utf8_unicode_ci DEFAULT NULL,
  `provincia` varchar(70) COLLATE utf8_unicode_ci DEFAULT NULL,
  `distrito` varchar(70) COLLATE utf8_unicode_ci NOT NULL,
  PRIMARY KEY (`id`)
) ENGINE=InnoDB  DEFAULT CHARSET=utf8 COLLATE=utf8_unicode_ci AUTO_INCREMENT=1835 ;

--
-- Volcado de datos para la tabla `ubigeo`
--

INSERT INTO `ubigeo` (`id`, `departamento`, `provincia`, `distrito`) VALUES
(1, 'AMAZONAS', 'BAGUA', 'ARAMANGO'),
(2, 'AMAZONAS', 'BAGUA', 'BAGUA'),
(3, 'AMAZONAS', 'BAGUA', 'COPALLIN'),
(4, 'AMAZONAS', 'BAGUA', 'EL PARCO'),
(5, 'AMAZONAS', 'BAGUA', 'IMAZA'),
(6, 'AMAZONAS', 'BAGUA', 'LA PECA'),
(7, 'AMAZONAS', 'BONGARA', 'CHISQUILLA'),
(8, 'AMAZONAS', 'BONGARA', 'CHURUJA'),
(9, 'AMAZONAS', 'BONGARA', 'COROSHA'),
(10, 'AMAZONAS', 'BONGARA', 'CUISPES'),
(11, 'AMAZONAS', 'BONGARA', 'FLORIDA'),
(12, 'AMAZONAS', 'BONGARA', 'JAZAN'),
(13, 'AMAZONAS', 'BONGARA', 'JUMBILLA'),
(14, 'AMAZONAS', 'BONGARA', 'RECTA'),
(15, 'AMAZONAS', 'BONGARA', 'SAN CARLOS'),
(16, 'AMAZONAS', 'BONGARA', 'SHIPASBAMBA'),
(17, 'AMAZONAS', 'BONGARA', 'VALERA'),
(18, 'AMAZONAS', 'BONGARA', 'YAMBRASBAMBA'),
(19, 'AMAZONAS', 'CHACHAPOYAS', 'ASUNCION'),
(20, 'AMAZONAS', 'CHACHAPOYAS', 'BALSAS'),
(21, 'AMAZONAS', 'CHACHAPOYAS', 'CHACHAPOYAS'),
(22, 'AMAZONAS', 'CHACHAPOYAS', 'CHETO'),
(23, 'AMAZONAS', 'CHACHAPOYAS', 'CHILIQUIN'),
(24, 'AMAZONAS', 'CHACHAPOYAS', 'CHUQUIBAMBA'),
(25, 'AMAZONAS', 'CHACHAPOYAS', 'GRANADA'),
(26, 'AMAZONAS', 'CHACHAPOYAS', 'HUANCAS'),
(27, 'AMAZONAS', 'CHACHAPOYAS', 'LA JALCA'),
(28, 'AMAZONAS', 'CHACHAPOYAS', 'LEIMEBAMBA'),
(29, 'AMAZONAS', 'CHACHAPOYAS', 'LEVANTO'),
(30, 'AMAZONAS', 'CHACHAPOYAS', 'MAGDALENA'),
(31, 'AMAZONAS', 'CHACHAPOYAS', 'MARISCAL CASTILLA'),
(32, 'AMAZONAS', 'CHACHAPOYAS', 'MOLINOPAMPA'),
(33, 'AMAZONAS', 'CHACHAPOYAS', 'MONTEVIDEO'),
(34, 'AMAZONAS', 'CHACHAPOYAS', 'OLLEROS'),
(35, 'AMAZONAS', 'CHACHAPOYAS', 'QUINJALCA'),
(36, 'AMAZONAS', 'CHACHAPOYAS', 'SAN FCO DE DAGUAS'),
(37, 'AMAZONAS', 'CHACHAPOYAS', 'SAN ISIDRO DE MAINO'),
(38, 'AMAZONAS', 'CHACHAPOYAS', 'SOLOCO'),
(39, 'AMAZONAS', 'CHACHAPOYAS', 'SONCHE'),
(40, 'AMAZONAS', 'CONDORCANQUI', 'EL CENEPA'),
(41, 'AMAZONAS', 'CONDORCANQUI', 'NIEVA'),
(42, 'AMAZONAS', 'CONDORCANQUI', 'RIO SANTIAGO'),
(43, 'AMAZONAS', 'LUYA', 'CAMPORREDONDO'),
(44, 'AMAZONAS', 'LUYA', 'COCABAMBA'),
(45, 'AMAZONAS', 'LUYA', 'COLCAMAR'),
(46, 'AMAZONAS', 'LUYA', 'CONILA'),
(47, 'AMAZONAS', 'LUYA', 'INGUILPATA'),
(48, 'AMAZONAS', 'LUYA', 'LAMUD'),
(49, 'AMAZONAS', 'LUYA', 'LONGUITA'),
(50, 'AMAZONAS', 'LUYA', 'LONYA CHICO'),
(51, 'AMAZONAS', 'LUYA', 'LUYA'),
(52, 'AMAZONAS', 'LUYA', 'LUYA VIEJO'),
(53, 'AMAZONAS', 'LUYA', 'MARIA'),
(54, 'AMAZONAS', 'LUYA', 'OCALLI'),
(55, 'AMAZONAS', 'LUYA', 'OCUMAL'),
(56, 'AMAZONAS', 'LUYA', 'PISUQUIA'),
(57, 'AMAZONAS', 'LUYA', 'PROVIDENCIA'),
(58, 'AMAZONAS', 'LUYA', 'SAN CRISTOBAL'),
(59, 'AMAZONAS', 'LUYA', 'SAN FRANCISCO DE YESO'),
(60, 'AMAZONAS', 'LUYA', 'SAN JERONIMO'),
(61, 'AMAZONAS', 'LUYA', 'SAN JUAN DE LOPECANCHA'),
(62, 'AMAZONAS', 'LUYA', 'SANTA CATALINA'),
(63, 'AMAZONAS', 'LUYA', 'SANTO TOMAS'),
(64, 'AMAZONAS', 'LUYA', 'TINGO'),
(65, 'AMAZONAS', 'LUYA', 'TRITA'),
(66, 'AMAZONAS', 'RODRIGUEZ DE MENDOZA', 'CHIRIMOTO'),
(67, 'AMAZONAS', 'RODRIGUEZ DE MENDOZA', 'COCHAMAL'),
(68, 'AMAZONAS', 'RODRIGUEZ DE MENDOZA', 'HUAMBO'),
(69, 'AMAZONAS', 'RODRIGUEZ DE MENDOZA', 'LIMABAMBA'),
(70, 'AMAZONAS', 'RODRIGUEZ DE MENDOZA', 'LONGAR'),
(71, 'AMAZONAS', 'RODRIGUEZ DE MENDOZA', 'MCAL BENAVIDES'),
(72, 'AMAZONAS', 'RODRIGUEZ DE MENDOZA', 'MILPUC'),
(73, 'AMAZONAS', 'RODRIGUEZ DE MENDOZA', 'OMIA'),
(74, 'AMAZONAS', 'RODRIGUEZ DE MENDOZA', 'SAN NICOLAS'),
(75, 'AMAZONAS', 'RODRIGUEZ DE MENDOZA', 'SANTA ROSA'),
(76, 'AMAZONAS', 'RODRIGUEZ DE MENDOZA', 'TOTORA'),
(77, 'AMAZONAS', 'RODRIGUEZ DE MENDOZA', 'VISTA ALEGRE'),
(78, 'AMAZONAS', 'UTCUBAMBA', 'BAGUA GRANDE'),
(79, 'AMAZONAS', 'UTCUBAMBA', 'CAJARURO'),
(80, 'AMAZONAS', 'UTCUBAMBA', 'CUMBA'),
(81, 'AMAZONAS', 'UTCUBAMBA', 'EL MILAGRO'),
(82, 'AMAZONAS', 'UTCUBAMBA', 'JAMALCA'),
(83, 'AMAZONAS', 'UTCUBAMBA', 'LONYA GRANDE'),
(84, 'AMAZONAS', 'UTCUBAMBA', 'YAMON'),
(85, 'ANCASH', 'AIJA', 'AIJA'),
(86, 'ANCASH', 'AIJA', 'CORIS'),
(87, 'ANCASH', 'AIJA', 'HUACLLAN'),
(88, 'ANCASH', 'AIJA', 'LA MERCED'),
(89, 'ANCASH', 'AIJA', 'SUCCHA'),
(90, 'ANCASH', 'ANTONIO RAIMONDI', 'ACZO'),
(91, 'ANCASH', 'ANTONIO RAIMONDI', 'CHACCHO'),
(92, 'ANCASH', 'ANTONIO RAIMONDI', 'CHINGAS'),
(93, 'ANCASH', 'ANTONIO RAIMONDI', 'LLAMELLIN'),
(94, 'ANCASH', 'ANTONIO RAIMONDI', 'MIRGAS'),
(95, 'ANCASH', 'ANTONIO RAIMONDI', 'SAN JUAN DE RONTOY'),
(96, 'ANCASH', 'ASUNCION', 'ACOCHACA'),
(97, 'ANCASH', 'ASUNCION', 'CHACAS'),
(98, 'ANCASH', 'BOLOGNESI', 'A PARDO LEZAMETA'),
(99, 'ANCASH', 'BOLOGNESI', 'ANTONIO RAIMONDI'),
(100, 'ANCASH', 'BOLOGNESI', 'AQUIA'),
(101, 'ANCASH', 'BOLOGNESI', 'CAJACAY'),
(102, 'ANCASH', 'BOLOGNESI', 'CANIS'),
(103, 'ANCASH', 'BOLOGNESI', 'CHIQUIAN'),
(104, 'ANCASH', 'BOLOGNESI', 'COLQUIOC'),
(105, 'ANCASH', 'BOLOGNESI', 'HUALLANCA'),
(106, 'ANCASH', 'BOLOGNESI', 'HUASTA'),
(107, 'ANCASH', 'BOLOGNESI', 'HUAYLLACAYAN'),
(108, 'ANCASH', 'BOLOGNESI', 'LA PRIMAVERA'),
(109, 'ANCASH', 'BOLOGNESI', 'MANGAS'),
(110, 'ANCASH', 'BOLOGNESI', 'PACLLON'),
(111, 'ANCASH', 'BOLOGNESI', 'SAN MIGUEL DE CORPANQUI'),
(112, 'ANCASH', 'BOLOGNESI', 'TICLLOS'),
(113, 'ANCASH', 'CARHUAZ', 'ACOPAMPA'),
(114, 'ANCASH', 'CARHUAZ', 'AMASHCA'),
(115, 'ANCASH', 'CARHUAZ', 'ANTA'),
(116, 'ANCASH', 'CARHUAZ', 'ATAQUERO'),
(117, 'ANCASH', 'CARHUAZ', 'CARHUAZ'),
(118, 'ANCASH', 'CARHUAZ', 'MARCARA'),
(119, 'ANCASH', 'CARHUAZ', 'PARIAHUANCA'),
(120, 'ANCASH', 'CARHUAZ', 'SAN MIGUEL DE ACO'),
(121, 'ANCASH', 'CARHUAZ', 'SHILLA'),
(122, 'ANCASH', 'CARHUAZ', 'TINCO'),
(123, 'ANCASH', 'CARHUAZ', 'YUNGAR'),
(124, 'ANCASH', 'CARLOS FERMIN FITZCARRALD', 'SAN LUIS'),
(125, 'ANCASH', 'CARLOS FERMIN FITZCARRALD', 'SAN NICOLAS'),
(126, 'ANCASH', 'CARLOS FERMIN FITZCARRALD', 'YAUYA'),
(127, 'ANCASH', 'CASMA', 'BUENA VISTA ALTA'),
(128, 'ANCASH', 'CASMA', 'CASMA'),
(129, 'ANCASH', 'CASMA', 'COMANDANTE NOEL'),
(130, 'ANCASH', 'CASMA', 'YAUTAN'),
(131, 'ANCASH', 'CORONGO', 'ACO'),
(132, 'ANCASH', 'CORONGO', 'BAMBAS'),
(133, 'ANCASH', 'CORONGO', 'CORONGO'),
(134, 'ANCASH', 'CORONGO', 'CUSCA'),
(135, 'ANCASH', 'CORONGO', 'LA PAMPA'),
(136, 'ANCASH', 'CORONGO', 'YANAC'),
(137, 'ANCASH', 'CORONGO', 'YUPAN'),
(138, 'ANCASH', 'HUARAZ', 'COCHABAMBA'),
(139, 'ANCASH', 'HUARAZ', 'COLCABAMBA'),
(140, 'ANCASH', 'HUARAZ', 'HUANCHAY'),
(141, 'ANCASH', 'HUARAZ', 'HUARAZ'),
(142, 'ANCASH', 'HUARAZ', 'INDEPENDENCIA'),
(143, 'ANCASH', 'HUARAZ', 'JANGAS'),
(144, 'ANCASH', 'HUARAZ', 'LA LIBERTAD'),
(145, 'ANCASH', 'HUARAZ', 'OLLEROS'),
(146, 'ANCASH', 'HUARAZ', 'PAMPAS'),
(147, 'ANCASH', 'HUARAZ', 'PARIACOTO'),
(148, 'ANCASH', 'HUARAZ', 'PIRA'),
(149, 'ANCASH', 'HUARAZ', 'TARICA'),
(150, 'ANCASH', 'HUARI', 'ANRA'),
(151, 'ANCASH', 'HUARI', 'CAJAY'),
(152, 'ANCASH', 'HUARI', 'CHAVIN DE HUANTAR'),
(153, 'ANCASH', 'HUARI', 'HUACACHI'),
(154, 'ANCASH', 'HUARI', 'HUACCHIS'),
(155, 'ANCASH', 'HUARI', 'HUACHIS'),
(156, 'ANCASH', 'HUARI', 'HUANTAR'),
(157, 'ANCASH', 'HUARI', 'HUARI'),
(158, 'ANCASH', 'HUARI', 'MASIN'),
(159, 'ANCASH', 'HUARI', 'PAUCAS'),
(160, 'ANCASH', 'HUARI', 'PONTO'),
(161, 'ANCASH', 'HUARI', 'RAHUAPAMPA'),
(162, 'ANCASH', 'HUARI', 'RAPAYAN'),
(163, 'ANCASH', 'HUARI', 'SAN MARCOS'),
(164, 'ANCASH', 'HUARI', 'SAN PEDRO DE CHANA'),
(165, 'ANCASH', 'HUARI', 'UCO'),
(166, 'ANCASH', 'HUARMEY', 'COCHAPETI'),
(167, 'ANCASH', 'HUARMEY', 'CULEBRAS'),
(168, 'ANCASH', 'HUARMEY', 'HUARMEY'),
(169, 'ANCASH', 'HUARMEY', 'HUAYAN'),
(170, 'ANCASH', 'HUARMEY', 'MALVAS'),
(171, 'ANCASH', 'HUAYLAS', 'CARAZ'),
(172, 'ANCASH', 'HUAYLAS', 'HUALLANCA'),
(173, 'ANCASH', 'HUAYLAS', 'HUATA'),
(174, 'ANCASH', 'HUAYLAS', 'HUAYLAS'),
(175, 'ANCASH', 'HUAYLAS', 'MATO'),
(176, 'ANCASH', 'HUAYLAS', 'PAMPAROMAS'),
(177, 'ANCASH', 'HUAYLAS', 'PUEBLO LIBRE'),
(178, 'ANCASH', 'HUAYLAS', 'SANTA CRUZ'),
(179, 'ANCASH', 'HUAYLAS', 'SANTO TORIBIO'),
(180, 'ANCASH', 'HUAYLAS', 'YURACMARCA'),
(181, 'ANCASH', 'MARISCAL LUZURIAGA', 'CASCA'),
(182, 'ANCASH', 'MARISCAL LUZURIAGA', 'ELEAZAR GUZMAN BARRON'),
(183, 'ANCASH', 'MARISCAL LUZURIAGA', 'FIDEL OLIVAS ESCUDERO'),
(184, 'ANCASH', 'MARISCAL LUZURIAGA', 'LLAMA'),
(185, 'ANCASH', 'MARISCAL LUZURIAGA', 'LLUMPA'),
(186, 'ANCASH', 'MARISCAL LUZURIAGA', 'LUCMA'),
(187, 'ANCASH', 'MARISCAL LUZURIAGA', 'MUSGA'),
(188, 'ANCASH', 'MARISCAL LUZURIAGA', 'PISCOBAMBA'),
(189, 'ANCASH', 'OCROS', 'ACAS'),
(190, 'ANCASH', 'OCROS', 'CAJAMARQUILLA'),
(191, 'ANCASH', 'OCROS', 'CARHUAPAMPA'),
(192, 'ANCASH', 'OCROS', 'COCHAS'),
(193, 'ANCASH', 'OCROS', 'CONGAS'),
(194, 'ANCASH', 'OCROS', 'LLIPA'),
(195, 'ANCASH', 'OCROS', 'OCROS'),
(196, 'ANCASH', 'OCROS', 'SAN CRISTOBAL DE RAJAN'),
(197, 'ANCASH', 'OCROS', 'SAN PEDRO'),
(198, 'ANCASH', 'OCROS', 'SANTIAGO DE CHILCAS'),
(199, 'ANCASH', 'PALLASCA', 'BOLOGNESI'),
(200, 'ANCASH', 'PALLASCA', 'CABANA'),
(201, 'ANCASH', 'PALLASCA', 'CONCHUCOS'),
(202, 'ANCASH', 'PALLASCA', 'HUACASCHUQUE'),
(203, 'ANCASH', 'PALLASCA', 'HUANDOVAL'),
(204, 'ANCASH', 'PALLASCA', 'LACABAMBA'),
(205, 'ANCASH', 'PALLASCA', 'LLAPO'),
(206, 'ANCASH', 'PALLASCA', 'PALLASCA'),
(207, 'ANCASH', 'PALLASCA', 'PAMPAS'),
(208, 'ANCASH', 'PALLASCA', 'SANTA ROSA'),
(209, 'ANCASH', 'PALLASCA', 'TAUCA'),
(210, 'ANCASH', 'POMABAMBA', 'HUAYLLAN'),
(211, 'ANCASH', 'POMABAMBA', 'PAROBAMBA'),
(212, 'ANCASH', 'POMABAMBA', 'POMABAMBA'),
(213, 'ANCASH', 'POMABAMBA', 'QUINUABAMBA'),
(214, 'ANCASH', 'RECUAY', 'CATAC'),
(215, 'ANCASH', 'RECUAY', 'COTAPARACO'),
(216, 'ANCASH', 'RECUAY', 'HUAYLLAPAMPA'),
(217, 'ANCASH', 'RECUAY', 'LLACLLIN'),
(218, 'ANCASH', 'RECUAY', 'MARCA'),
(219, 'ANCASH', 'RECUAY', 'PAMPAS CHICO'),
(220, 'ANCASH', 'RECUAY', 'PARARIN'),
(221, 'ANCASH', 'RECUAY', 'RECUAY'),
(222, 'ANCASH', 'RECUAY', 'TAPACOCHA'),
(223, 'ANCASH', 'RECUAY', 'TICAPAMPA'),
(224, 'ANCASH', 'SANTA', 'CACERES DEL PERU'),
(225, 'ANCASH', 'SANTA', 'CHIMBOTE'),
(226, 'ANCASH', 'SANTA', 'COISHCO'),
(227, 'ANCASH', 'SANTA', 'MACATE'),
(228, 'ANCASH', 'SANTA', 'MORO'),
(229, 'ANCASH', 'SANTA', 'NEPE'),
(230, 'ANCASH', 'SANTA', 'NUEVO CHIMBOTE'),
(231, 'ANCASH', 'SANTA', 'SAMANCO'),
(232, 'ANCASH', 'SANTA', 'SANTA'),
(233, 'ANCASH', 'SIHUAS', 'ACOBAMBA'),
(234, 'ANCASH', 'SIHUAS', 'ALFONSO UGARTE'),
(235, 'ANCASH', 'SIHUAS', 'CASHAPAMPA'),
(236, 'ANCASH', 'SIHUAS', 'CHINGALPO'),
(237, 'ANCASH', 'SIHUAS', 'HUAYLLABAMBA'),
(238, 'ANCASH', 'SIHUAS', 'QUICHES'),
(239, 'ANCASH', 'SIHUAS', 'RAGASH'),
(240, 'ANCASH', 'SIHUAS', 'SAN JUAN'),
(241, 'ANCASH', 'SIHUAS', 'SICSIBAMBA'),
(242, 'ANCASH', 'SIHUAS', 'SIHUAS'),
(243, 'ANCASH', 'YUNGAY', 'CASCAPARA'),
(244, 'ANCASH', 'YUNGAY', 'MANCOS'),
(245, 'ANCASH', 'YUNGAY', 'MATACOTO'),
(246, 'ANCASH', 'YUNGAY', 'QUILLO'),
(247, 'ANCASH', 'YUNGAY', 'RANRAHIRCA'),
(248, 'ANCASH', 'YUNGAY', 'SHUPLUY'),
(249, 'ANCASH', 'YUNGAY', 'YANAMA'),
(250, 'ANCASH', 'YUNGAY', 'YUNGAY'),
(251, 'APURIMAC', 'ABANCAY', 'ABANCAY'),
(252, 'APURIMAC', 'ABANCAY', 'CHACOCHE'),
(253, 'APURIMAC', 'ABANCAY', 'CIRCA'),
(254, 'APURIMAC', 'ABANCAY', 'CURAHUASI'),
(255, 'APURIMAC', 'ABANCAY', 'HUANIPACA'),
(256, 'APURIMAC', 'ABANCAY', 'LAMBRAMA'),
(257, 'APURIMAC', 'ABANCAY', 'PICHIRHUA'),
(258, 'APURIMAC', 'ABANCAY', 'SAN PEDRO DE CACHORA'),
(259, 'APURIMAC', 'ABANCAY', 'TAMBURCO'),
(260, 'APURIMAC', 'ANDAHUAYLAS', 'ANDAHUAYLAS'),
(261, 'APURIMAC', 'ANDAHUAYLAS', 'ANDARAPA'),
(262, 'APURIMAC', 'ANDAHUAYLAS', 'CHIARA'),
(263, 'APURIMAC', 'ANDAHUAYLAS', 'HUANCARAMA'),
(264, 'APURIMAC', 'ANDAHUAYLAS', 'HUANCARAY'),
(265, 'APURIMAC', 'ANDAHUAYLAS', 'HUAYANA'),
(266, 'APURIMAC', 'ANDAHUAYLAS', 'KAQUIABAMBA'),
(267, 'APURIMAC', 'ANDAHUAYLAS', 'KISHUARA'),
(268, 'APURIMAC', 'ANDAHUAYLAS', 'PACOBAMBA'),
(269, 'APURIMAC', 'ANDAHUAYLAS', 'PACUCHA'),
(270, 'APURIMAC', 'ANDAHUAYLAS', 'PAMPACHIRI'),
(271, 'APURIMAC', 'ANDAHUAYLAS', 'POMACOCHA'),
(272, 'APURIMAC', 'ANDAHUAYLAS', 'SAN ANTONIO DE CACHI'),
(273, 'APURIMAC', 'ANDAHUAYLAS', 'SAN JERONIMO'),
(274, 'APURIMAC', 'ANDAHUAYLAS', 'SAN MIGUEL DE CHACCRAMPA'),
(275, 'APURIMAC', 'ANDAHUAYLAS', 'STA MARIA DE CHICMO'),
(276, 'APURIMAC', 'ANDAHUAYLAS', 'TALAVERA'),
(277, 'APURIMAC', 'ANDAHUAYLAS', 'TUMAY HUARACA'),
(278, 'APURIMAC', 'ANDAHUAYLAS', 'TURPO'),
(279, 'APURIMAC', 'ANTABAMBA', 'ANTABAMBA'),
(280, 'APURIMAC', 'ANTABAMBA', 'EL ORO'),
(281, 'APURIMAC', 'ANTABAMBA', 'HUAQUIRCA'),
(282, 'APURIMAC', 'ANTABAMBA', 'JUAN ESPINOZA MEDRANO'),
(283, 'APURIMAC', 'ANTABAMBA', 'OROPESA'),
(284, 'APURIMAC', 'ANTABAMBA', 'PACHACONAS'),
(285, 'APURIMAC', 'ANTABAMBA', 'SABAINO'),
(286, 'APURIMAC', 'AYMARAES', 'CAPAYA'),
(287, 'APURIMAC', 'AYMARAES', 'CARAYBAMBA'),
(288, 'APURIMAC', 'AYMARAES', 'CHALHUANCA'),
(289, 'APURIMAC', 'AYMARAES', 'CHAPIMARCA'),
(290, 'APURIMAC', 'AYMARAES', 'COLCABAMBA'),
(291, 'APURIMAC', 'AYMARAES', 'COTARUSE'),
(292, 'APURIMAC', 'AYMARAES', 'IHUAYLLO'),
(293, 'APURIMAC', 'AYMARAES', 'JUSTO APU SAHUARAURA'),
(294, 'APURIMAC', 'AYMARAES', 'LUCRE'),
(295, 'APURIMAC', 'AYMARAES', 'POCOHUANCA'),
(296, 'APURIMAC', 'AYMARAES', 'SA'),
(297, 'APURIMAC', 'AYMARAES', 'SAN JUAN DE CHAC'),
(298, 'APURIMAC', 'AYMARAES', 'SORAYA'),
(299, 'APURIMAC', 'AYMARAES', 'TAPAIRIHUA'),
(300, 'APURIMAC', 'AYMARAES', 'TINTAY'),
(301, 'APURIMAC', 'AYMARAES', 'TORAYA'),
(302, 'APURIMAC', 'AYMARAES', 'YANACA'),
(303, 'APURIMAC', 'CHINCHEROS', 'ANCO HUALLO'),
(304, 'APURIMAC', 'CHINCHEROS', 'CHINCHEROS'),
(305, 'APURIMAC', 'CHINCHEROS', 'COCHARCAS'),
(306, 'APURIMAC', 'CHINCHEROS', 'HUACCANA'),
(307, 'APURIMAC', 'CHINCHEROS', 'OCOBAMBA'),
(308, 'APURIMAC', 'CHINCHEROS', 'ONGOY'),
(309, 'APURIMAC', 'CHINCHEROS', 'RANRACANCHA'),
(310, 'APURIMAC', 'CHINCHEROS', 'URANMARCA'),
(311, 'APURIMAC', 'COTABAMBAS', 'CHALLHUAHUACHO'),
(312, 'APURIMAC', 'COTABAMBAS', 'COTABAMBAS'),
(313, 'APURIMAC', 'COTABAMBAS', 'COYLLURQUI'),
(314, 'APURIMAC', 'COTABAMBAS', 'HAQUIRA'),
(315, 'APURIMAC', 'COTABAMBAS', 'MARA'),
(316, 'APURIMAC', 'COTABAMBAS', 'TAMBOBAMBA'),
(317, 'APURIMAC', 'GRAU', 'CHUQUIBAMBILLA'),
(318, 'APURIMAC', 'GRAU', 'CURASCO'),
(319, 'APURIMAC', 'GRAU', 'CURPAHUASI'),
(320, 'APURIMAC', 'GRAU', 'HUAILLATI'),
(321, 'APURIMAC', 'GRAU', 'MAMARA'),
(322, 'APURIMAC', 'GRAU', 'MARISCAL GAMARRA'),
(323, 'APURIMAC', 'GRAU', 'MICAELA BASTIDAS'),
(324, 'APURIMAC', 'GRAU', 'PATAYPAMPA'),
(325, 'APURIMAC', 'GRAU', 'PROGRESO'),
(326, 'APURIMAC', 'GRAU', 'SAN ANTONIO'),
(327, 'APURIMAC', 'GRAU', 'SANTA ROSA'),
(328, 'APURIMAC', 'GRAU', 'TURPAY'),
(329, 'APURIMAC', 'GRAU', 'VILCABAMBA'),
(330, 'APURIMAC', 'GRAU', 'VIRUNDO'),
(331, 'AREQUIPA', 'AREQUIPA', 'ALTO SELVA ALEGRE'),
(332, 'AREQUIPA', 'AREQUIPA', 'AREQUIPA'),
(333, 'AREQUIPA', 'AREQUIPA', 'CAYMA'),
(334, 'AREQUIPA', 'AREQUIPA', 'CERRO COLORADO'),
(335, 'AREQUIPA', 'AREQUIPA', 'CHARACATO'),
(336, 'AREQUIPA', 'AREQUIPA', 'CHIGUATA'),
(337, 'AREQUIPA', 'AREQUIPA', 'JACOBO HUNTER'),
(338, 'AREQUIPA', 'AREQUIPA', 'JOSE LUIS BUSTAMANTE Y RIVERO'),
(339, 'AREQUIPA', 'AREQUIPA', 'LA JOYA'),
(340, 'AREQUIPA', 'AREQUIPA', 'MARIANO MELGAR'),
(341, 'AREQUIPA', 'AREQUIPA', 'MIRAFLORES'),
(342, 'AREQUIPA', 'AREQUIPA', 'MOLLEBAYA'),
(343, 'AREQUIPA', 'AREQUIPA', 'PAUCARPATA'),
(344, 'AREQUIPA', 'AREQUIPA', 'POCSI'),
(345, 'AREQUIPA', 'AREQUIPA', 'POLOBAYA'),
(346, 'AREQUIPA', 'AREQUIPA', 'QUEQUE'),
(347, 'AREQUIPA', 'AREQUIPA', 'SABANDIA'),
(348, 'AREQUIPA', 'AREQUIPA', 'SACHACA'),
(349, 'AREQUIPA', 'AREQUIPA', 'SAN JUAN DE SIGUAS'),
(350, 'AREQUIPA', 'AREQUIPA', 'SAN JUAN DE TARUCANI'),
(351, 'AREQUIPA', 'AREQUIPA', 'SANTA ISABEL DE SIGUAS'),
(352, 'AREQUIPA', 'AREQUIPA', 'SOCABAYA'),
(353, 'AREQUIPA', 'AREQUIPA', 'STA RITA DE SIGUAS'),
(354, 'AREQUIPA', 'AREQUIPA', 'TIABAYA'),
(355, 'AREQUIPA', 'AREQUIPA', 'UCHUMAYO'),
(356, 'AREQUIPA', 'AREQUIPA', 'VITOR'),
(357, 'AREQUIPA', 'AREQUIPA', 'YANAHUARA'),
(358, 'AREQUIPA', 'AREQUIPA', 'YARABAMBA'),
(359, 'AREQUIPA', 'AREQUIPA', 'YURA'),
(360, 'AREQUIPA', 'CAMANA', 'CAMANA'),
(361, 'AREQUIPA', 'CAMANA', 'JOSE MARIA QUIMPER'),
(362, 'AREQUIPA', 'CAMANA', 'MARIANO N VALCARCEL'),
(363, 'AREQUIPA', 'CAMANA', 'MARISCAL CACERES'),
(364, 'AREQUIPA', 'CAMANA', 'NICOLAS DE PIEROLA'),
(365, 'AREQUIPA', 'CAMANA', 'OCO'),
(366, 'AREQUIPA', 'CAMANA', 'QUILCA'),
(367, 'AREQUIPA', 'CAMANA', 'SAMUEL PASTOR'),
(368, 'AREQUIPA', 'CARAVELI', 'ACARI'),
(369, 'AREQUIPA', 'CARAVELI', 'ATICO'),
(370, 'AREQUIPA', 'CARAVELI', 'ATIQUIPA'),
(371, 'AREQUIPA', 'CARAVELI', 'BELLA UNION'),
(372, 'AREQUIPA', 'CARAVELI', 'CAHUACHO'),
(373, 'AREQUIPA', 'CARAVELI', 'CARAVELI'),
(374, 'AREQUIPA', 'CARAVELI', 'CHALA'),
(375, 'AREQUIPA', 'CARAVELI', 'CHAPARRA'),
(376, 'AREQUIPA', 'CARAVELI', 'HUANUHUANU'),
(377, 'AREQUIPA', 'CARAVELI', 'JAQUI'),
(378, 'AREQUIPA', 'CARAVELI', 'LOMAS'),
(379, 'AREQUIPA', 'CARAVELI', 'QUICACHA'),
(380, 'AREQUIPA', 'CARAVELI', 'YAUCA'),
(381, 'AREQUIPA', 'CASTILLA', 'ANDAGUA'),
(382, 'AREQUIPA', 'CASTILLA', 'APLAO'),
(383, 'AREQUIPA', 'CASTILLA', 'AYO'),
(384, 'AREQUIPA', 'CASTILLA', 'CHACHAS'),
(385, 'AREQUIPA', 'CASTILLA', 'CHILCAYMARCA'),
(386, 'AREQUIPA', 'CASTILLA', 'CHOCO'),
(387, 'AREQUIPA', 'CASTILLA', 'HUANCARQUI'),
(388, 'AREQUIPA', 'CASTILLA', 'MACHAGUAY'),
(389, 'AREQUIPA', 'CASTILLA', 'ORCOPAMPA'),
(390, 'AREQUIPA', 'CASTILLA', 'PAMPACOLCA'),
(391, 'AREQUIPA', 'CASTILLA', 'TIPAN'),
(392, 'AREQUIPA', 'CASTILLA', 'U'),
(393, 'AREQUIPA', 'CASTILLA', 'URACA'),
(394, 'AREQUIPA', 'CASTILLA', 'VIRACO'),
(395, 'AREQUIPA', 'CAYLLOMA', 'ACHOMA'),
(396, 'AREQUIPA', 'CAYLLOMA', 'CABANACONDE'),
(397, 'AREQUIPA', 'CAYLLOMA', 'CALLALLI'),
(398, 'AREQUIPA', 'CAYLLOMA', 'CAYLLOMA'),
(399, 'AREQUIPA', 'CAYLLOMA', 'CHIVAY'),
(400, 'AREQUIPA', 'CAYLLOMA', 'COPORAQUE'),
(401, 'AREQUIPA', 'CAYLLOMA', 'HUAMBO'),
(402, 'AREQUIPA', 'CAYLLOMA', 'HUANCA'),
(403, 'AREQUIPA', 'CAYLLOMA', 'ICHUPAMPA'),
(404, 'AREQUIPA', 'CAYLLOMA', 'LARI'),
(405, 'AREQUIPA', 'CAYLLOMA', 'LLUTA'),
(406, 'AREQUIPA', 'CAYLLOMA', 'MACA'),
(407, 'AREQUIPA', 'CAYLLOMA', 'MADRIGAL'),
(408, 'AREQUIPA', 'CAYLLOMA', 'MAJES'),
(409, 'AREQUIPA', 'CAYLLOMA', 'SAN ANTONIO DE CHUCA'),
(410, 'AREQUIPA', 'CAYLLOMA', 'SIBAYO'),
(411, 'AREQUIPA', 'CAYLLOMA', 'TAPAY'),
(412, 'AREQUIPA', 'CAYLLOMA', 'TISCO'),
(413, 'AREQUIPA', 'CAYLLOMA', 'TUTI'),
(414, 'AREQUIPA', 'CAYLLOMA', 'YANQUE'),
(415, 'AREQUIPA', 'CONDESUYOS', 'ANDARAY'),
(416, 'AREQUIPA', 'CONDESUYOS', 'CAYARANI'),
(417, 'AREQUIPA', 'CONDESUYOS', 'CHICHAS'),
(418, 'AREQUIPA', 'CONDESUYOS', 'CHUQUIBAMBA'),
(419, 'AREQUIPA', 'CONDESUYOS', 'IRAY'),
(420, 'AREQUIPA', 'CONDESUYOS', 'RIO GRANDE'),
(421, 'AREQUIPA', 'CONDESUYOS', 'SALAMANCA'),
(422, 'AREQUIPA', 'CONDESUYOS', 'YANAQUIHUA'),
(423, 'AREQUIPA', 'ISLAY', 'COCACHACRA'),
(424, 'AREQUIPA', 'ISLAY', 'DEAN VALDIVIA'),
(425, 'AREQUIPA', 'ISLAY', 'ISLAY'),
(426, 'AREQUIPA', 'ISLAY', 'MEJIA'),
(427, 'AREQUIPA', 'ISLAY', 'MOLLENDO'),
(428, 'AREQUIPA', 'ISLAY', 'PUNTA DE BOMBON'),
(429, 'AREQUIPA', 'LA UNION', 'ALCA'),
(430, 'AREQUIPA', 'LA UNION', 'CHARCANA'),
(431, 'AREQUIPA', 'LA UNION', 'COTAHUASI'),
(432, 'AREQUIPA', 'LA UNION', 'HUAYNACOTAS'),
(433, 'AREQUIPA', 'LA UNION', 'PAMPAMARCA'),
(434, 'AREQUIPA', 'LA UNION', 'PUYCA'),
(435, 'AREQUIPA', 'LA UNION', 'QUECHUALLA'),
(436, 'AREQUIPA', 'LA UNION', 'SAYLA'),
(437, 'AREQUIPA', 'LA UNION', 'TAURIA'),
(438, 'AREQUIPA', 'LA UNION', 'TOMEPAMPA'),
(439, 'AREQUIPA', 'LA UNION', 'TORO'),
(440, 'AYACUCHO', 'CANGALLO', 'CANGALLO'),
(441, 'AYACUCHO', 'CANGALLO', 'CHUSCHI'),
(442, 'AYACUCHO', 'CANGALLO', 'LOS MOROCHUCOS'),
(443, 'AYACUCHO', 'CANGALLO', 'MARIA PARADO DE BELLIDO'),
(444, 'AYACUCHO', 'CANGALLO', 'PARAS'),
(445, 'AYACUCHO', 'CANGALLO', 'TOTOS'),
(446, 'AYACUCHO', 'HUAMANGA', 'ACOCRO'),
(447, 'AYACUCHO', 'HUAMANGA', 'ACOS VINCHOS'),
(448, 'AYACUCHO', 'HUAMANGA', 'AYACUCHO'),
(449, 'AYACUCHO', 'HUAMANGA', 'CARMEN ALTO'),
(450, 'AYACUCHO', 'HUAMANGA', 'CHIARA'),
(451, 'AYACUCHO', 'HUAMANGA', 'JESUS NAZARENO'),
(452, 'AYACUCHO', 'HUAMANGA', 'OCROS'),
(453, 'AYACUCHO', 'HUAMANGA', 'PACAYCASA'),
(454, 'AYACUCHO', 'HUAMANGA', 'QUINUA'),
(455, 'AYACUCHO', 'HUAMANGA', 'SAN JOSE DE TICLLAS'),
(456, 'AYACUCHO', 'HUAMANGA', 'SAN JUAN BAUTISTA'),
(457, 'AYACUCHO', 'HUAMANGA', 'SANTIAGO DE PISCHA'),
(458, 'AYACUCHO', 'HUAMANGA', 'SOCOS'),
(459, 'AYACUCHO', 'HUAMANGA', 'TAMBILLO'),
(460, 'AYACUCHO', 'HUAMANGA', 'VINCHOS'),
(461, 'AYACUCHO', 'HUANCA SANCOS', 'CARAPO'),
(462, 'AYACUCHO', 'HUANCA SANCOS', 'SACSAMARCA'),
(463, 'AYACUCHO', 'HUANCA SANCOS', 'SANCOS'),
(464, 'AYACUCHO', 'HUANCA SANCOS', 'SANTIAGO DE LUCANAMARCA'),
(465, 'AYACUCHO', 'HUANTA', 'AYAHUANCO'),
(466, 'AYACUCHO', 'HUANTA', 'HUAMANGUILLA'),
(467, 'AYACUCHO', 'HUANTA', 'HUANTA'),
(468, 'AYACUCHO', 'HUANTA', 'IGUAIN'),
(469, 'AYACUCHO', 'HUANTA', 'LLOCHEGUA'),
(470, 'AYACUCHO', 'HUANTA', 'LURICOCHA'),
(471, 'AYACUCHO', 'HUANTA', 'SANTILLANA'),
(472, 'AYACUCHO', 'HUANTA', 'SIVIA'),
(473, 'AYACUCHO', 'LA MAR', 'ANCO'),
(474, 'AYACUCHO', 'LA MAR', 'AYNA'),
(475, 'AYACUCHO', 'LA MAR', 'CHILCAS'),
(476, 'AYACUCHO', 'LA MAR', 'CHUNGUI'),
(477, 'AYACUCHO', 'LA MAR', 'LUIS CARRANZA'),
(478, 'AYACUCHO', 'LA MAR', 'SAN MIGUEL'),
(479, 'AYACUCHO', 'LA MAR', 'SANTA ROSA'),
(480, 'AYACUCHO', 'LA MAR', 'TAMBO'),
(481, 'AYACUCHO', 'LUCANAS', 'AUCARA'),
(482, 'AYACUCHO', 'LUCANAS', 'CABANA'),
(483, 'AYACUCHO', 'LUCANAS', 'CARMEN SALCEDO'),
(484, 'AYACUCHO', 'LUCANAS', 'CHAVI'),
(485, 'AYACUCHO', 'LUCANAS', 'CHIPAO'),
(486, 'AYACUCHO', 'LUCANAS', 'HUAC-HUAS'),
(487, 'AYACUCHO', 'LUCANAS', 'LARAMATE'),
(488, 'AYACUCHO', 'LUCANAS', 'LEONCIO PRADO'),
(489, 'AYACUCHO', 'LUCANAS', 'LLAUTA'),
(490, 'AYACUCHO', 'LUCANAS', 'LUCANAS'),
(491, 'AYACUCHO', 'LUCANAS', 'OCA'),
(492, 'AYACUCHO', 'LUCANAS', 'OTOCA'),
(493, 'AYACUCHO', 'LUCANAS', 'PUQUIO'),
(494, 'AYACUCHO', 'LUCANAS', 'SAISA'),
(495, 'AYACUCHO', 'LUCANAS', 'SAN CRISTOBAL'),
(496, 'AYACUCHO', 'LUCANAS', 'SAN JUAN'),
(497, 'AYACUCHO', 'LUCANAS', 'SAN PEDRO'),
(498, 'AYACUCHO', 'LUCANAS', 'SAN PEDRO DE PALCO'),
(499, 'AYACUCHO', 'LUCANAS', 'SANCOS'),
(500, 'AYACUCHO', 'LUCANAS', 'SANTA LUCIA'),
(501, 'AYACUCHO', 'LUCANAS', 'STA ANA DE HUAYCAHUACHO'),
(502, 'AYACUCHO', 'PARINACOCHAS', 'CHUMPI'),
(503, 'AYACUCHO', 'PARINACOCHAS', 'CORACORA'),
(504, 'AYACUCHO', 'PARINACOCHAS', 'CORONEL CASTA'),
(505, 'AYACUCHO', 'PARINACOCHAS', 'PACAPAUSA'),
(506, 'AYACUCHO', 'PARINACOCHAS', 'PULLO'),
(507, 'AYACUCHO', 'PARINACOCHAS', 'PUYUSCA'),
(508, 'AYACUCHO', 'PARINACOCHAS', 'SAN FCO DE RAVACAYCO'),
(509, 'AYACUCHO', 'PARINACOCHAS', 'UPAHUACHO'),
(510, 'AYACUCHO', 'PAUCAR DEL SARA SARA', 'COLTA'),
(511, 'AYACUCHO', 'PAUCAR DEL SARA SARA', 'CORCULLA'),
(512, 'AYACUCHO', 'PAUCAR DEL SARA SARA', 'LAMPA'),
(513, 'AYACUCHO', 'PAUCAR DEL SARA SARA', 'MARCABAMBA'),
(514, 'AYACUCHO', 'PAUCAR DEL SARA SARA', 'OYOLO'),
(515, 'AYACUCHO', 'PAUCAR DEL SARA SARA', 'PARARCA'),
(516, 'AYACUCHO', 'PAUCAR DEL SARA SARA', 'PAUSA'),
(517, 'AYACUCHO', 'PAUCAR DEL SARA SARA', 'SAN JAVIER DE ALPABAMBA'),
(518, 'AYACUCHO', 'PAUCAR DEL SARA SARA', 'SAN JOSE DE USHUA'),
(519, 'AYACUCHO', 'PAUCAR DEL SARA SARA', 'SARA SARA'),
(520, 'AYACUCHO', 'SUCRE', 'BELEN'),
(521, 'AYACUCHO', 'SUCRE', 'CHALCOS'),
(522, 'AYACUCHO', 'SUCRE', 'CHILCAYOC'),
(523, 'AYACUCHO', 'SUCRE', 'HUACA'),
(524, 'AYACUCHO', 'SUCRE', 'MORCOLLA'),
(525, 'AYACUCHO', 'SUCRE', 'PAICO'),
(526, 'AYACUCHO', 'SUCRE', 'QUEROBAMBA'),
(527, 'AYACUCHO', 'SUCRE', 'SAN PEDRO DE LARCAY'),
(528, 'AYACUCHO', 'SUCRE', 'SAN SALVADOR DE QUIJE'),
(529, 'AYACUCHO', 'SUCRE', 'SANTIAGO DE PAUCARAY'),
(530, 'AYACUCHO', 'SUCRE', 'SORAS'),
(531, 'AYACUCHO', 'VICTOR FAJARDO', 'ALCAMENCA'),
(532, 'AYACUCHO', 'VICTOR FAJARDO', 'APONGO'),
(533, 'AYACUCHO', 'VICTOR FAJARDO', 'ASQUIPATA'),
(534, 'AYACUCHO', 'VICTOR FAJARDO', 'CANARIA'),
(535, 'AYACUCHO', 'VICTOR FAJARDO', 'CAYARA'),
(536, 'AYACUCHO', 'VICTOR FAJARDO', 'COLCA'),
(537, 'AYACUCHO', 'VICTOR FAJARDO', 'HUAMANQUIQUIA'),
(538, 'AYACUCHO', 'VICTOR FAJARDO', 'HUANCAPI'),
(539, 'AYACUCHO', 'VICTOR FAJARDO', 'HUANCARAYLLA'),
(540, 'AYACUCHO', 'VICTOR FAJARDO', 'HUAYA'),
(541, 'AYACUCHO', 'VICTOR FAJARDO', 'SARHUA'),
(542, 'AYACUCHO', 'VICTOR FAJARDO', 'VILCANCHOS'),
(543, 'AYACUCHO', 'VILCAS HUAMAN', 'ACCOMARCA'),
(544, 'AYACUCHO', 'VILCAS HUAMAN', 'CARHUANCA'),
(545, 'AYACUCHO', 'VILCAS HUAMAN', 'CONCEPCION'),
(546, 'AYACUCHO', 'VILCAS HUAMAN', 'HUAMBALPA'),
(547, 'AYACUCHO', 'VILCAS HUAMAN', 'INDEPENDENCIA'),
(548, 'AYACUCHO', 'VILCAS HUAMAN', 'SAURAMA'),
(549, 'AYACUCHO', 'VILCAS HUAMAN', 'VILCAS HUAMAN'),
(550, 'AYACUCHO', 'VILCAS HUAMAN', 'VISCHONGO'),
(551, 'CAJAMARCA', 'CAJABAMBA', 'CACHACHI'),
(552, 'CAJAMARCA', 'CAJABAMBA', 'CAJABAMBA'),
(553, 'CAJAMARCA', 'CAJABAMBA', 'CONDEBAMBA'),
(554, 'CAJAMARCA', 'CAJABAMBA', 'SITACOCHA'),
(555, 'CAJAMARCA', 'CAJAMARCA', 'ASUNCION'),
(556, 'CAJAMARCA', 'CAJAMARCA', 'CAJAMARCA'),
(557, 'CAJAMARCA', 'CAJAMARCA', 'CHETILLA'),
(558, 'CAJAMARCA', 'CAJAMARCA', 'COSPAN'),
(559, 'CAJAMARCA', 'CAJAMARCA', 'ENCA'),
(560, 'CAJAMARCA', 'CAJAMARCA', 'JESUS'),
(561, 'CAJAMARCA', 'CAJAMARCA', 'LLACANORA'),
(562, 'CAJAMARCA', 'CAJAMARCA', 'LOS BA'),
(563, 'CAJAMARCA', 'CAJAMARCA', 'MAGDALENA'),
(564, 'CAJAMARCA', 'CAJAMARCA', 'MATARA'),
(565, 'CAJAMARCA', 'CAJAMARCA', 'NAMORA'),
(566, 'CAJAMARCA', 'CAJAMARCA', 'SAN JUAN'),
(567, 'CAJAMARCA', 'CELENDIN', 'CELENDIN'),
(568, 'CAJAMARCA', 'CELENDIN', 'CHUMUCH'),
(569, 'CAJAMARCA', 'CELENDIN', 'CORTEGANA'),
(570, 'CAJAMARCA', 'CELENDIN', 'HUASMIN'),
(571, 'CAJAMARCA', 'CELENDIN', 'JORGE CHAVEZ'),
(572, 'CAJAMARCA', 'CELENDIN', 'JOSE GALVEZ'),
(573, 'CAJAMARCA', 'CELENDIN', 'LA LIBERTAD DE PALLAN'),
(574, 'CAJAMARCA', 'CELENDIN', 'MIGUEL IGLESIAS'),
(575, 'CAJAMARCA', 'CELENDIN', 'OXAMARCA'),
(576, 'CAJAMARCA', 'CELENDIN', 'SOROCHUCO'),
(577, 'CAJAMARCA', 'CELENDIN', 'SUCRE'),
(578, 'CAJAMARCA', 'CELENDIN', 'UTCO'),
(579, 'CAJAMARCA', 'CHOTA', 'ANGUIA'),
(580, 'CAJAMARCA', 'CHOTA', 'CHADIN'),
(581, 'CAJAMARCA', 'CHOTA', 'CHALAMARCA'),
(582, 'CAJAMARCA', 'CHOTA', 'CHIGUIRIP'),
(583, 'CAJAMARCA', 'CHOTA', 'CHIMBAN'),
(584, 'CAJAMARCA', 'CHOTA', 'CHOROPAMPA'),
(585, 'CAJAMARCA', 'CHOTA', 'CHOTA'),
(586, 'CAJAMARCA', 'CHOTA', 'COCHABAMBA'),
(587, 'CAJAMARCA', 'CHOTA', 'CONCHAN'),
(588, 'CAJAMARCA', 'CHOTA', 'HUAMBOS'),
(589, 'CAJAMARCA', 'CHOTA', 'LAJAS'),
(590, 'CAJAMARCA', 'CHOTA', 'LLAMA'),
(591, 'CAJAMARCA', 'CHOTA', 'MIRACOSTA'),
(592, 'CAJAMARCA', 'CHOTA', 'PACCHA'),
(593, 'CAJAMARCA', 'CHOTA', 'PION'),
(594, 'CAJAMARCA', 'CHOTA', 'QUEROCOTO'),
(595, 'CAJAMARCA', 'CHOTA', 'SAN JUAN DE LICUPIS'),
(596, 'CAJAMARCA', 'CHOTA', 'TACABAMBA'),
(597, 'CAJAMARCA', 'CHOTA', 'TOCMOCHE'),
(598, 'CAJAMARCA', 'CONTUMAZA', 'CHILETE'),
(599, 'CAJAMARCA', 'CONTUMAZA', 'CONTUMAZA'),
(600, 'CAJAMARCA', 'CONTUMAZA', 'CUPISNIQUE'),
(601, 'CAJAMARCA', 'CONTUMAZA', 'GUZMANGO'),
(602, 'CAJAMARCA', 'CONTUMAZA', 'SAN BENITO'),
(603, 'CAJAMARCA', 'CONTUMAZA', 'STA CRUZ DE TOLEDO'),
(604, 'CAJAMARCA', 'CONTUMAZA', 'TANTARICA'),
(605, 'CAJAMARCA', 'CONTUMAZA', 'YONAN'),
(606, 'CAJAMARCA', 'CUTERVO', 'CALLAYUC'),
(607, 'CAJAMARCA', 'CUTERVO', 'CHOROS'),
(608, 'CAJAMARCA', 'CUTERVO', 'CUJILLO'),
(609, 'CAJAMARCA', 'CUTERVO', 'CUTERVO'),
(610, 'CAJAMARCA', 'CUTERVO', 'LA RAMADA'),
(611, 'CAJAMARCA', 'CUTERVO', 'PIMPINGOS'),
(612, 'CAJAMARCA', 'CUTERVO', 'QUEROCOTILLO'),
(613, 'CAJAMARCA', 'CUTERVO', 'SAN ANDRES DE CUTERVO'),
(614, 'CAJAMARCA', 'CUTERVO', 'SAN JUAN DE CUTERVO'),
(615, 'CAJAMARCA', 'CUTERVO', 'SAN LUIS DE LUCMA'),
(616, 'CAJAMARCA', 'CUTERVO', 'SANTA CRUZ'),
(617, 'CAJAMARCA', 'CUTERVO', 'SANTO DOMINGO DE LA CAPILLA'),
(618, 'CAJAMARCA', 'CUTERVO', 'SANTO TOMAS'),
(619, 'CAJAMARCA', 'CUTERVO', 'SOCOTA'),
(620, 'CAJAMARCA', 'CUTERVO', 'TORIBIO CASANOVA'),
(621, 'CAJAMARCA', 'HUALGAYOC', 'BAMBAMARCA'),
(622, 'CAJAMARCA', 'HUALGAYOC', 'CHUGUR'),
(623, 'CAJAMARCA', 'HUALGAYOC', 'HUALGAYOC'),
(624, 'CAJAMARCA', 'JAEN', 'BELLAVISTA'),
(625, 'CAJAMARCA', 'JAEN', 'CHONTALI'),
(626, 'CAJAMARCA', 'JAEN', 'COLASAY'),
(627, 'CAJAMARCA', 'JAEN', 'HUABAL'),
(628, 'CAJAMARCA', 'JAEN', 'JAEN'),
(629, 'CAJAMARCA', 'JAEN', 'LAS PIRIAS'),
(630, 'CAJAMARCA', 'JAEN', 'POMAHUACA'),
(631, 'CAJAMARCA', 'JAEN', 'PUCARA'),
(632, 'CAJAMARCA', 'JAEN', 'SALLIQUE'),
(633, 'CAJAMARCA', 'JAEN', 'SAN FELIPE'),
(634, 'CAJAMARCA', 'JAEN', 'SAN JOSE DEL ALTO'),
(635, 'CAJAMARCA', 'JAEN', 'SANTA ROSA'),
(636, 'CAJAMARCA', 'SAN IGNACIO', 'CHIRINOS'),
(637, 'CAJAMARCA', 'SAN IGNACIO', 'HUARANGO'),
(638, 'CAJAMARCA', 'SAN IGNACIO', 'LA COIPA'),
(639, 'CAJAMARCA', 'SAN IGNACIO', 'NAMBALLE'),
(640, 'CAJAMARCA', 'SAN IGNACIO', 'SAN IGNACIO'),
(641, 'CAJAMARCA', 'SAN IGNACIO', 'SAN JOSE DE LOURDES'),
(642, 'CAJAMARCA', 'SAN IGNACIO', 'TABACONAS'),
(643, 'CAJAMARCA', 'SAN MARCOS', 'CHANCAY'),
(644, 'CAJAMARCA', 'SAN MARCOS', 'EDUARDO VILLANUEVA'),
(645, 'CAJAMARCA', 'SAN MARCOS', 'GREGORIO PITA'),
(646, 'CAJAMARCA', 'SAN MARCOS', 'ICHOCAN'),
(647, 'CAJAMARCA', 'SAN MARCOS', 'JOSE MANUEL QUIROZ'),
(648, 'CAJAMARCA', 'SAN MARCOS', 'JOSE SABOGAL'),
(649, 'CAJAMARCA', 'SAN MARCOS', 'PEDRO GALVEZ'),
(650, 'CAJAMARCA', 'SAN MIGUEL', 'BOLIVAR'),
(651, 'CAJAMARCA', 'SAN MIGUEL', 'CALQUIS'),
(652, 'CAJAMARCA', 'SAN MIGUEL', 'CATILLUC'),
(653, 'CAJAMARCA', 'SAN MIGUEL', 'EL PRADO'),
(654, 'CAJAMARCA', 'SAN MIGUEL', 'LA FLORIDA'),
(655, 'CAJAMARCA', 'SAN MIGUEL', 'LLAPA'),
(656, 'CAJAMARCA', 'SAN MIGUEL', 'NANCHOC'),
(657, 'CAJAMARCA', 'SAN MIGUEL', 'NIEPOS'),
(658, 'CAJAMARCA', 'SAN MIGUEL', 'SAN GREGORIO'),
(659, 'CAJAMARCA', 'SAN MIGUEL', 'SAN MIGUEL'),
(660, 'CAJAMARCA', 'SAN MIGUEL', 'SAN SILVESTRE DE COCHAN'),
(661, 'CAJAMARCA', 'SAN MIGUEL', 'TONGOD'),
(662, 'CAJAMARCA', 'SAN MIGUEL', 'UNION AGUA BLANCA'),
(663, 'CAJAMARCA', 'SAN PABLO', 'SAN BERNARDINO'),
(664, 'CAJAMARCA', 'SAN PABLO', 'SAN LUIS'),
(665, 'CAJAMARCA', 'SAN PABLO', 'SAN PABLO'),
(666, 'CAJAMARCA', 'SAN PABLO', 'TUMBADEN'),
(667, 'CAJAMARCA', 'SANTA CRUZ', 'ANDABAMBA'),
(668, 'CAJAMARCA', 'SANTA CRUZ', 'CATACHE'),
(669, 'CAJAMARCA', 'SANTA CRUZ', 'CHANCAIBA'),
(670, 'CAJAMARCA', 'SANTA CRUZ', 'LA ESPERANZA'),
(671, 'CAJAMARCA', 'SANTA CRUZ', 'NINABAMBA'),
(672, 'CAJAMARCA', 'SANTA CRUZ', 'PULAN'),
(673, 'CAJAMARCA', 'SANTA CRUZ', 'SANTA CRUZ'),
(674, 'CAJAMARCA', 'SANTA CRUZ', 'SAUCEPAMPA'),
(675, 'CAJAMARCA', 'SANTA CRUZ', 'SEXI'),
(676, 'CAJAMARCA', 'SANTA CRUZ', 'UTICYACU'),
(677, 'CAJAMARCA', 'SANTA CRUZ', 'YAUYUCAN'),
(678, 'CUSCO', 'ACOMAYO', 'ACOMAYO'),
(679, 'CUSCO', 'ACOMAYO', 'ACOPIA'),
(680, 'CUSCO', 'ACOMAYO', 'ACOS'),
(681, 'CUSCO', 'ACOMAYO', 'MOSOC LLACTA'),
(682, 'CUSCO', 'ACOMAYO', 'POMACANCHI'),
(683, 'CUSCO', 'ACOMAYO', 'RONDOCAN'),
(684, 'CUSCO', 'ACOMAYO', 'SANGARARA'),
(685, 'CUSCO', 'ANTA', 'ANCAHUASI'),
(686, 'CUSCO', 'ANTA', 'ANTA'),
(687, 'CUSCO', 'ANTA', 'CACHIMAYO'),
(688, 'CUSCO', 'ANTA', 'CHINCHAYPUJIO'),
(689, 'CUSCO', 'ANTA', 'HUAROCONDO'),
(690, 'CUSCO', 'ANTA', 'LIMATAMBO'),
(691, 'CUSCO', 'ANTA', 'MOLLEPATA'),
(692, 'CUSCO', 'ANTA', 'PUCYURA'),
(693, 'CUSCO', 'ANTA', 'ZURITE'),
(694, 'CUSCO', 'CALCA', 'CALCA'),
(695, 'CUSCO', 'CALCA', 'COYA'),
(696, 'CUSCO', 'CALCA', 'LAMAY'),
(697, 'CUSCO', 'CALCA', 'LARES'),
(698, 'CUSCO', 'CALCA', 'PISAC'),
(699, 'CUSCO', 'CALCA', 'SAN SALVADOR'),
(700, 'CUSCO', 'CALCA', 'TARAY'),
(701, 'CUSCO', 'CALCA', 'YANATILE'),
(702, 'CUSCO', 'CANAS', 'CHECCA'),
(703, 'CUSCO', 'CANAS', 'KUNTURKANKI'),
(704, 'CUSCO', 'CANAS', 'LANGUI'),
(705, 'CUSCO', 'CANAS', 'LAYO'),
(706, 'CUSCO', 'CANAS', 'PAMPAMARCA'),
(707, 'CUSCO', 'CANAS', 'QUEHUE'),
(708, 'CUSCO', 'CANAS', 'TUPAC AMARU'),
(709, 'CUSCO', 'CANAS', 'YANAOCA'),
(710, 'CUSCO', 'CANCHIS', 'CHECACUPE'),
(711, 'CUSCO', 'CANCHIS', 'COMBAPATA'),
(712, 'CUSCO', 'CANCHIS', 'MARANGANI'),
(713, 'CUSCO', 'CANCHIS', 'PITUMARCA'),
(714, 'CUSCO', 'CANCHIS', 'SAN PABLO'),
(715, 'CUSCO', 'CANCHIS', 'SAN PEDRO'),
(716, 'CUSCO', 'CANCHIS', 'SICUANI'),
(717, 'CUSCO', 'CANCHIS', 'TINTA'),
(718, 'CUSCO', 'CHUMBIVILCAS', 'CAPACMARCA'),
(719, 'CUSCO', 'CHUMBIVILCAS', 'CHAMACA'),
(720, 'CUSCO', 'CHUMBIVILCAS', 'COLQUEMARCA'),
(721, 'CUSCO', 'CHUMBIVILCAS', 'LIVITACA'),
(722, 'CUSCO', 'CHUMBIVILCAS', 'LLUSCO'),
(723, 'CUSCO', 'CHUMBIVILCAS', 'QUI'),
(724, 'CUSCO', 'CHUMBIVILCAS', 'SANTO TOMAS'),
(725, 'CUSCO', 'CHUMBIVILCAS', 'VELILLE'),
(726, 'CUSCO', 'CUSCO', 'CCORCA'),
(727, 'CUSCO', 'CUSCO', 'CUSCO'),
(728, 'CUSCO', 'CUSCO', 'POROY'),
(729, 'CUSCO', 'CUSCO', 'SAN JERONIMO'),
(730, 'CUSCO', 'CUSCO', 'SAN SEBASTIAN'),
(731, 'CUSCO', 'CUSCO', 'SANTIAGO'),
(732, 'CUSCO', 'CUSCO', 'SAYLLA'),
(733, 'CUSCO', 'CUSCO', 'WANCHAQ'),
(734, 'CUSCO', 'ESPINAR', 'ALTO PICHIGUA'),
(735, 'CUSCO', 'ESPINAR', 'CONDOROMA'),
(736, 'CUSCO', 'ESPINAR', 'COPORAQUE'),
(737, 'CUSCO', 'ESPINAR', 'ESPINAR'),
(738, 'CUSCO', 'ESPINAR', 'OCORURO'),
(739, 'CUSCO', 'ESPINAR', 'PALLPATA'),
(740, 'CUSCO', 'ESPINAR', 'PICHIGUA'),
(741, 'CUSCO', 'ESPINAR', 'SUYKUTAMBO'),
(742, 'CUSCO', 'LA CONVENCION', 'ECHARATE'),
(743, 'CUSCO', 'LA CONVENCION', 'HUAYOPATA'),
(744, 'CUSCO', 'LA CONVENCION', 'KIMBIRI'),
(745, 'CUSCO', 'LA CONVENCION', 'MARANURA'),
(746, 'CUSCO', 'LA CONVENCION', 'OCOBAMBA'),
(747, 'CUSCO', 'LA CONVENCION', 'PICHARI'),
(748, 'CUSCO', 'LA CONVENCION', 'QUELLOUNO'),
(749, 'CUSCO', 'LA CONVENCION', 'SANTA ANA'),
(750, 'CUSCO', 'LA CONVENCION', 'SANTA TERESA'),
(751, 'CUSCO', 'LA CONVENCION', 'VILCABAMBA'),
(752, 'CUSCO', 'PARURO', 'ACCHA'),
(753, 'CUSCO', 'PARURO', 'CCAPI'),
(754, 'CUSCO', 'PARURO', 'COLCHA'),
(755, 'CUSCO', 'PARURO', 'HUANOQUITE'),
(756, 'CUSCO', 'PARURO', 'OMACHA'),
(757, 'CUSCO', 'PARURO', 'PACCARITAMBO'),
(758, 'CUSCO', 'PARURO', 'PARURO'),
(759, 'CUSCO', 'PARURO', 'PILLPINTO'),
(760, 'CUSCO', 'PARURO', 'YAURISQUE'),
(761, 'CUSCO', 'PAUCARTAMBO', 'CAICAY'),
(762, 'CUSCO', 'PAUCARTAMBO', 'CHALLABAMBA'),
(763, 'CUSCO', 'PAUCARTAMBO', 'COLQUEPATA'),
(764, 'CUSCO', 'PAUCARTAMBO', 'COS'),
(765, 'CUSCO', 'PAUCARTAMBO', 'HUANCARANI'),
(766, 'CUSCO', 'PAUCARTAMBO', 'PAUCARTAMBO'),
(767, 'CUSCO', 'QUISPICANCHI', 'ANDAHUAYLILLAS'),
(768, 'CUSCO', 'QUISPICANCHI', 'CAMANTI'),
(769, 'CUSCO', 'QUISPICANCHI', 'CCARHUAYO'),
(770, 'CUSCO', 'QUISPICANCHI', 'CCATCA'),
(771, 'CUSCO', 'QUISPICANCHI', 'CUSIPATA'),
(772, 'CUSCO', 'QUISPICANCHI', 'HUARO'),
(773, 'CUSCO', 'QUISPICANCHI', 'LUCRE'),
(774, 'CUSCO', 'QUISPICANCHI', 'MARCAPATA'),
(775, 'CUSCO', 'QUISPICANCHI', 'OCONGATE'),
(776, 'CUSCO', 'QUISPICANCHI', 'OROPESA'),
(777, 'CUSCO', 'QUISPICANCHI', 'QUIQUIJANA'),
(778, 'CUSCO', 'QUISPICANCHI', 'URCOS'),
(779, 'CUSCO', 'URUBAMBA', 'CHINCHERO'),
(780, 'CUSCO', 'URUBAMBA', 'HUAYLLABAMBA'),
(781, 'CUSCO', 'URUBAMBA', 'MACHUPICCHU'),
(782, 'CUSCO', 'URUBAMBA', 'MARAS'),
(783, 'CUSCO', 'URUBAMBA', 'OLLANTAYTAMBO'),
(784, 'CUSCO', 'URUBAMBA', 'URUBAMBA'),
(785, 'CUSCO', 'URUBAMBA', 'YUCAY'),
(786, 'HUANCAVELICA', 'ACOBAMBA', 'ACOBAMBA'),
(787, 'HUANCAVELICA', 'ACOBAMBA', 'ANDABAMBA'),
(788, 'HUANCAVELICA', 'ACOBAMBA', 'ANTA'),
(789, 'HUANCAVELICA', 'ACOBAMBA', 'CAJA'),
(790, 'HUANCAVELICA', 'ACOBAMBA', 'MARCAS'),
(791, 'HUANCAVELICA', 'ACOBAMBA', 'PAUCARA'),
(792, 'HUANCAVELICA', 'ACOBAMBA', 'POMACOCHA'),
(793, 'HUANCAVELICA', 'ACOBAMBA', 'ROSARIO'),
(794, 'HUANCAVELICA', 'ANGARAES', 'ANCHONGA'),
(795, 'HUANCAVELICA', 'ANGARAES', 'CALLANMARCA'),
(796, 'HUANCAVELICA', 'ANGARAES', 'CCOCHACCASA'),
(797, 'HUANCAVELICA', 'ANGARAES', 'CHINCHO'),
(798, 'HUANCAVELICA', 'ANGARAES', 'CONGALLA'),
(799, 'HUANCAVELICA', 'ANGARAES', 'HUANCA HUANCA'),
(800, 'HUANCAVELICA', 'ANGARAES', 'HUAYLLAY GRANDE'),
(801, 'HUANCAVELICA', 'ANGARAES', 'JULCAMARCA'),
(802, 'HUANCAVELICA', 'ANGARAES', 'LIRCAY'),
(803, 'HUANCAVELICA', 'ANGARAES', 'SAN ANTONIO DE ANTAPARCO'),
(804, 'HUANCAVELICA', 'ANGARAES', 'SECCLLA'),
(805, 'HUANCAVELICA', 'ANGARAES', 'STO TOMAS DE PATA'),
(806, 'HUANCAVELICA', 'CASTROVIRREYNA', 'ARMA'),
(807, 'HUANCAVELICA', 'CASTROVIRREYNA', 'AURAHUA'),
(808, 'HUANCAVELICA', 'CASTROVIRREYNA', 'CAPILLAS'),
(809, 'HUANCAVELICA', 'CASTROVIRREYNA', 'CASTROVIRREYNA'),
(810, 'HUANCAVELICA', 'CASTROVIRREYNA', 'CHUPAMARCA'),
(811, 'HUANCAVELICA', 'CASTROVIRREYNA', 'COCAS'),
(812, 'HUANCAVELICA', 'CASTROVIRREYNA', 'HUACHOS'),
(813, 'HUANCAVELICA', 'CASTROVIRREYNA', 'HUAMATAMBO'),
(814, 'HUANCAVELICA', 'CASTROVIRREYNA', 'MOLLEPAMPA'),
(815, 'HUANCAVELICA', 'CASTROVIRREYNA', 'SAN JUAN'),
(816, 'HUANCAVELICA', 'CASTROVIRREYNA', 'SANTA ANA'),
(817, 'HUANCAVELICA', 'CASTROVIRREYNA', 'TANTARA'),
(818, 'HUANCAVELICA', 'CASTROVIRREYNA', 'TICRAPO'),
(819, 'HUANCAVELICA', 'CHURCAMPA', 'ANCO'),
(820, 'HUANCAVELICA', 'CHURCAMPA', 'CHINCHIHUASI'),
(821, 'HUANCAVELICA', 'CHURCAMPA', 'CHURCAMPA'),
(822, 'HUANCAVELICA', 'CHURCAMPA', 'EL CARMEN'),
(823, 'HUANCAVELICA', 'CHURCAMPA', 'LA MERCED'),
(824, 'HUANCAVELICA', 'CHURCAMPA', 'LOCROJA'),
(825, 'HUANCAVELICA', 'CHURCAMPA', 'PACHAMARCA'),
(826, 'HUANCAVELICA', 'CHURCAMPA', 'PAUCARBAMBA'),
(827, 'HUANCAVELICA', 'CHURCAMPA', 'SAN MIGUEL DE MAYOC'),
(828, 'HUANCAVELICA', 'CHURCAMPA', 'SAN PEDRO DE CORIS'),
(829, 'HUANCAVELICA', 'HUANCAVELICA', 'ACOBAMBILLA'),
(830, 'HUANCAVELICA', 'HUANCAVELICA', 'ACORIA'),
(831, 'HUANCAVELICA', 'HUANCAVELICA', 'ASCENSION'),
(832, 'HUANCAVELICA', 'HUANCAVELICA', 'CONAYCA'),
(833, 'HUANCAVELICA', 'HUANCAVELICA', 'CUENCA'),
(834, 'HUANCAVELICA', 'HUANCAVELICA', 'HUACHOCOLPA'),
(835, 'HUANCAVELICA', 'HUANCAVELICA', 'HUANCAVELICA'),
(836, 'HUANCAVELICA', 'HUANCAVELICA', 'HUANDO'),
(837, 'HUANCAVELICA', 'HUANCAVELICA', 'HUAYLLAHUARA'),
(838, 'HUANCAVELICA', 'HUANCAVELICA', 'IZCUCHACA'),
(839, 'HUANCAVELICA', 'HUANCAVELICA', 'LARIA'),
(840, 'HUANCAVELICA', 'HUANCAVELICA', 'MANTA'),
(841, 'HUANCAVELICA', 'HUANCAVELICA', 'MARISCAL CACERES'),
(842, 'HUANCAVELICA', 'HUANCAVELICA', 'MOYA'),
(843, 'HUANCAVELICA', 'HUANCAVELICA', 'NUEVO OCCORO'),
(844, 'HUANCAVELICA', 'HUANCAVELICA', 'PALCA'),
(845, 'HUANCAVELICA', 'HUANCAVELICA', 'PILCHACA'),
(846, 'HUANCAVELICA', 'HUANCAVELICA', 'VILCA'),
(847, 'HUANCAVELICA', 'HUANCAVELICA', 'YAULI'),
(848, 'HUANCAVELICA', 'HUAYTARA', 'AYAVI'),
(849, 'HUANCAVELICA', 'HUAYTARA', 'CORDOVA'),
(850, 'HUANCAVELICA', 'HUAYTARA', 'HUAYACUNDO ARMA'),
(851, 'HUANCAVELICA', 'HUAYTARA', 'HUAYTARA'),
(852, 'HUANCAVELICA', 'HUAYTARA', 'LARAMARCA'),
(853, 'HUANCAVELICA', 'HUAYTARA', 'OCOYO'),
(854, 'HUANCAVELICA', 'HUAYTARA', 'PILPICHACA'),
(855, 'HUANCAVELICA', 'HUAYTARA', 'QUERCO'),
(856, 'HUANCAVELICA', 'HUAYTARA', 'QUITO ARMA'),
(857, 'HUANCAVELICA', 'HUAYTARA', 'SAN ANTONIO DE CUSICANCHA'),
(858, 'HUANCAVELICA', 'HUAYTARA', 'SAN FRANCISCO DE SANGAYAICO'),
(859, 'HUANCAVELICA', 'HUAYTARA', 'SAN ISIDRO'),
(860, 'HUANCAVELICA', 'HUAYTARA', 'SANTIAGO DE CHOCORVOS'),
(861, 'HUANCAVELICA', 'HUAYTARA', 'SANTIAGO DE QUIRAHUARA'),
(862, 'HUANCAVELICA', 'HUAYTARA', 'SANTO DOMINGO DE CAPILLAS'),
(863, 'HUANCAVELICA', 'HUAYTARA', 'TAMBO'),
(864, 'HUANCAVELICA', 'TAYACAJA', ''),
(865, 'HUANCAVELICA', 'TAYACAJA', 'ACOSTAMBO'),
(866, 'HUANCAVELICA', 'TAYACAJA', 'ACRAQUIA'),
(867, 'HUANCAVELICA', 'TAYACAJA', 'AHUAYCHA'),
(868, 'HUANCAVELICA', 'TAYACAJA', 'COLCABAMBA'),
(869, 'HUANCAVELICA', 'TAYACAJA', 'DANIEL HERNANDEZ'),
(870, 'HUANCAVELICA', 'TAYACAJA', 'HUACHOCOLPA'),
(871, 'HUANCAVELICA', 'TAYACAJA', 'HUARIBAMBA'),
(872, 'HUANCAVELICA', 'TAYACAJA', 'PAMPAS'),
(873, 'HUANCAVELICA', 'TAYACAJA', 'PAZOS'),
(874, 'HUANCAVELICA', 'TAYACAJA', 'QUISHUAR'),
(875, 'HUANCAVELICA', 'TAYACAJA', 'SALCABAMBA'),
(876, 'HUANCAVELICA', 'TAYACAJA', 'SALCAHUASI'),
(877, 'HUANCAVELICA', 'TAYACAJA', 'SAN MARCOS DE ROCCHAC'),
(878, 'HUANCAVELICA', 'TAYACAJA', 'SURCUBAMBA'),
(879, 'HUANCAVELICA', 'TAYACAJA', 'TINTAY PUNCU'),
(880, 'HUANUCO', 'AMBO', 'AMBO'),
(881, 'HUANUCO', 'AMBO', 'CAYNA'),
(882, 'HUANUCO', 'AMBO', 'COLPAS'),
(883, 'HUANUCO', 'AMBO', 'CONCHAMARCA'),
(884, 'HUANUCO', 'AMBO', 'HUACAR'),
(885, 'HUANUCO', 'AMBO', 'SAN FRANCISCO'),
(886, 'HUANUCO', 'AMBO', 'SAN RAFAEL'),
(887, 'HUANUCO', 'AMBO', 'TOMAY KICHWA'),
(888, 'HUANUCO', 'DOS DE MAYO', 'CHUQUIS'),
(889, 'HUANUCO', 'DOS DE MAYO', 'LA UNION'),
(890, 'HUANUCO', 'DOS DE MAYO', 'MARIAS'),
(891, 'HUANUCO', 'DOS DE MAYO', 'PACHAS'),
(892, 'HUANUCO', 'DOS DE MAYO', 'QUIVILLA'),
(893, 'HUANUCO', 'DOS DE MAYO', 'RIPAN'),
(894, 'HUANUCO', 'DOS DE MAYO', 'SHUNQUI'),
(895, 'HUANUCO', 'DOS DE MAYO', 'SILLAPATA'),
(896, 'HUANUCO', 'DOS DE MAYO', 'YANAS'),
(897, 'HUANUCO', 'HUACAYBAMBA', 'CANCHABAMBA'),
(898, 'HUANUCO', 'HUACAYBAMBA', 'COCHABAMBA'),
(899, 'HUANUCO', 'HUACAYBAMBA', 'HUACAYBAMBA'),
(900, 'HUANUCO', 'HUACAYBAMBA', 'PINRA'),
(901, 'HUANUCO', 'HUAMALIES', 'ARANCAY'),
(902, 'HUANUCO', 'HUAMALIES', 'CHAVIN DE PARIARCA'),
(903, 'HUANUCO', 'HUAMALIES', 'JACAS GRANDE'),
(904, 'HUANUCO', 'HUAMALIES', 'JIRCAN'),
(905, 'HUANUCO', 'HUAMALIES', 'LLATA'),
(906, 'HUANUCO', 'HUAMALIES', 'MIRAFLORES'),
(907, 'HUANUCO', 'HUAMALIES', 'MONZON'),
(908, 'HUANUCO', 'HUAMALIES', 'PU'),
(909, 'HUANUCO', 'HUAMALIES', 'PUNCHAO'),
(910, 'HUANUCO', 'HUAMALIES', 'SINGA'),
(911, 'HUANUCO', 'HUAMALIES', 'TANTAMAYO'),
(912, 'HUANUCO', 'HUANUCO', 'AMARILIS'),
(913, 'HUANUCO', 'HUANUCO', 'CHINCHAO'),
(914, 'HUANUCO', 'HUANUCO', 'CHURUBAMBA'),
(915, 'HUANUCO', 'HUANUCO', 'HUANUCO'),
(916, 'HUANUCO', 'HUANUCO', 'MARGOS'),
(917, 'HUANUCO', 'HUANUCO', 'PILLCO MARCA'),
(918, 'HUANUCO', 'HUANUCO', 'QUISQUI'),
(919, 'HUANUCO', 'HUANUCO', 'SAN FCO DE CAYRAN'),
(920, 'HUANUCO', 'HUANUCO', 'SAN PEDRO DE CHAULAN'),
(921, 'HUANUCO', 'HUANUCO', 'STA MARIA DEL VALLE'),
(922, 'HUANUCO', 'HUANUCO', 'YARUMAYO'),
(923, 'HUANUCO', 'LAURICOCHA', 'BA'),
(924, 'HUANUCO', 'LAURICOCHA', 'JESUS'),
(925, 'HUANUCO', 'LAURICOCHA', 'JIVIA'),
(926, 'HUANUCO', 'LAURICOCHA', 'QUEROPALCA'),
(927, 'HUANUCO', 'LAURICOCHA', 'RONDOS'),
(928, 'HUANUCO', 'LAURICOCHA', 'SAN FRANCISCO DE ASIS'),
(929, 'HUANUCO', 'LAURICOCHA', 'SAN MIGUEL DE CAURI'),
(930, 'HUANUCO', 'LEONCIO PRADO', 'DANIEL ALOMIA ROBLES'),
(931, 'HUANUCO', 'LEONCIO PRADO', 'HERMILIO VALDIZAN'),
(932, 'HUANUCO', 'LEONCIO PRADO', 'JOSE CRESPO Y CASTILLO'),
(933, 'HUANUCO', 'LEONCIO PRADO', 'LUYANDO'),
(934, 'HUANUCO', 'LEONCIO PRADO', 'MARIANO DAMASO BERAUN'),
(935, 'HUANUCO', 'LEONCIO PRADO', 'RUPA RUPA'),
(936, 'HUANUCO', 'MARA', 'CHOLON'),
(937, 'HUANUCO', 'MARA', 'HUACRACHUCO'),
(938, 'HUANUCO', 'MARA', 'SAN BUENAVENTURA'),
(939, 'HUANUCO', 'PACHITEA', 'CHAGLLA'),
(940, 'HUANUCO', 'PACHITEA', 'MOLINO'),
(941, 'HUANUCO', 'PACHITEA', 'PANAO'),
(942, 'HUANUCO', 'PACHITEA', 'UMARI'),
(943, 'HUANUCO', 'PUERTO INCA', 'CODO DEL POZUZO'),
(944, 'HUANUCO', 'PUERTO INCA', 'HONORIA'),
(945, 'HUANUCO', 'PUERTO INCA', 'PUERTO INCA'),
(946, 'HUANUCO', 'PUERTO INCA', 'TOURNAVISTA'),
(947, 'HUANUCO', 'PUERTO INCA', 'YUYAPICHIS'),
(948, 'HUANUCO', 'YAROWILCA', 'APARICIO POMARES (CHUPAN);'),
(949, 'HUANUCO', 'YAROWILCA', 'CAHUAC'),
(950, 'HUANUCO', 'YAROWILCA', 'CHACABAMBA'),
(951, 'HUANUCO', 'YAROWILCA', 'CHAVINILLO'),
(952, 'HUANUCO', 'YAROWILCA', 'CHORAS'),
(953, 'HUANUCO', 'YAROWILCA', 'JACAS CHICO'),
(954, 'HUANUCO', 'YAROWILCA', 'OBAS'),
(955, 'HUANUCO', 'YAROWILCA', 'PAMPAMARCA'),
(956, 'ICA', 'CHINCHA', 'ALTO LARAN'),
(957, 'ICA', 'CHINCHA', 'CHAVIN'),
(958, 'ICA', 'CHINCHA', 'CHINCHA ALTA'),
(959, 'ICA', 'CHINCHA', 'CHINCHA BAJA'),
(960, 'ICA', 'CHINCHA', 'EL CARMEN'),
(961, 'ICA', 'CHINCHA', 'GROCIO PRADO'),
(962, 'ICA', 'CHINCHA', 'PUEBLO NUEVO'),
(963, 'ICA', 'CHINCHA', 'SAN JUAN DE YANAC'),
(964, 'ICA', 'CHINCHA', 'SAN PEDRO DE HUACARPANA'),
(965, 'ICA', 'CHINCHA', 'SUNAMPE'),
(966, 'ICA', 'CHINCHA', 'TAMBO DE MORA'),
(967, 'ICA', 'ICA', 'ICA'),
(968, 'ICA', 'ICA', 'LA TINGUI'),
(969, 'ICA', 'ICA', 'LOS AQUIJES'),
(970, 'ICA', 'ICA', 'OCUCAJE'),
(971, 'ICA', 'ICA', 'PACHACUTEC'),
(972, 'ICA', 'ICA', 'PARCONA'),
(973, 'ICA', 'ICA', 'PUEBLO NUEVO'),
(974, 'ICA', 'ICA', 'SALAS'),
(975, 'ICA', 'ICA', 'SAN JOSE DE LOS MOLINOS'),
(976, 'ICA', 'ICA', 'SAN JUAN BAUTISTA'),
(977, 'ICA', 'ICA', 'SANTIAGO'),
(978, 'ICA', 'ICA', 'SUBTANJALLA'),
(979, 'ICA', 'ICA', 'TATE'),
(980, 'ICA', 'ICA', 'YAUCA DEL ROSARIO'),
(981, 'ICA', 'NAZCA', 'CHANGUILLO'),
(982, 'ICA', 'NAZCA', 'EL INGENIO'),
(983, 'ICA', 'NAZCA', 'MARCONA'),
(984, 'ICA', 'NAZCA', 'NAZCA'),
(985, 'ICA', 'NAZCA', 'VISTA ALEGRE'),
(986, 'ICA', 'PALPA', 'LLIPATA'),
(987, 'ICA', 'PALPA', 'PALPA'),
(988, 'ICA', 'PALPA', 'RIO GRANDE'),
(989, 'ICA', 'PALPA', 'SANTA CRUZ'),
(990, 'ICA', 'PALPA', 'TIBILLO'),
(991, 'ICA', 'PISCO', 'HUANCANO'),
(992, 'ICA', 'PISCO', 'HUMAY'),
(993, 'ICA', 'PISCO', 'INDEPENDENCIA'),
(994, 'ICA', 'PISCO', 'PARACAS'),
(995, 'ICA', 'PISCO', 'PISCO'),
(996, 'ICA', 'PISCO', 'SAN ANDRES'),
(997, 'ICA', 'PISCO', 'SAN CLEMENTE'),
(998, 'ICA', 'PISCO', 'TUPAC AMARU INCA'),
(999, 'JUNIN', 'CHANCHAMAYO', 'CHANCHAMAYO'),
(1000, 'JUNIN', 'CHANCHAMAYO', 'PERENE'),
(1001, 'JUNIN', 'CHANCHAMAYO', 'PICHANAQUI'),
(1002, 'JUNIN', 'CHANCHAMAYO', 'SAN LUIS DE SHUARO'),
(1003, 'JUNIN', 'CHANCHAMAYO', 'SAN RAMON'),
(1004, 'JUNIN', 'CHANCHAMAYO', 'VITOC'),
(1005, 'JUNIN', 'CHUPACA', 'AHUAC'),
(1006, 'JUNIN', 'CHUPACA', 'CHONGOS BAJO'),
(1007, 'JUNIN', 'CHUPACA', 'CHUPACA'),
(1008, 'JUNIN', 'CHUPACA', 'HUACHAC'),
(1009, 'JUNIN', 'CHUPACA', 'HUAMANCACA CHICO'),
(1010, 'JUNIN', 'CHUPACA', 'SAN JUAN DE ISCOS'),
(1011, 'JUNIN', 'CHUPACA', 'SAN JUAN DE JARPA'),
(1012, 'JUNIN', 'CHUPACA', 'TRES DE DICIEMBRE'),
(1013, 'JUNIN', 'CHUPACA', 'YANACANCHA'),
(1014, 'JUNIN', 'CONCEPCION', 'ACO'),
(1015, 'JUNIN', 'CONCEPCION', 'ANDAMARCA'),
(1016, 'JUNIN', 'CONCEPCION', 'CHAMBARA'),
(1017, 'JUNIN', 'CONCEPCION', 'COCHAS'),
(1018, 'JUNIN', 'CONCEPCION', 'COMAS'),
(1019, 'JUNIN', 'CONCEPCION', 'CONCEPCION'),
(1020, 'JUNIN', 'CONCEPCION', 'HEROINAS TOLEDO'),
(1021, 'JUNIN', 'CONCEPCION', 'MANZANARES'),
(1022, 'JUNIN', 'CONCEPCION', 'MATAHUASI'),
(1023, 'JUNIN', 'CONCEPCION', 'MCAL CASTILLA'),
(1024, 'JUNIN', 'CONCEPCION', 'MITO'),
(1025, 'JUNIN', 'CONCEPCION', 'NUEVE DE JULIO'),
(1026, 'JUNIN', 'CONCEPCION', 'ORCOTUNA'),
(1027, 'JUNIN', 'CONCEPCION', 'SAN JOSE DE QUERO'),
(1028, 'JUNIN', 'CONCEPCION', 'STA ROSA DE OCOPA'),
(1029, 'JUNIN', 'HUANCAYO', 'CARHUACALLANGA'),
(1030, 'JUNIN', 'HUANCAYO', 'CHACAPAMPA'),
(1031, 'JUNIN', 'HUANCAYO', 'CHICCHE'),
(1032, 'JUNIN', 'HUANCAYO', 'CHILCA'),
(1033, 'JUNIN', 'HUANCAYO', 'CHONGOS ALTO'),
(1034, 'JUNIN', 'HUANCAYO', 'CHUPURO'),
(1035, 'JUNIN', 'HUANCAYO', 'COLCA'),
(1036, 'JUNIN', 'HUANCAYO', 'CULLHUAS'),
(1037, 'JUNIN', 'HUANCAYO', 'EL TAMBO'),
(1038, 'JUNIN', 'HUANCAYO', 'HUACRAPUQUIO'),
(1039, 'JUNIN', 'HUANCAYO', 'HUALHUAS'),
(1040, 'JUNIN', 'HUANCAYO', 'HUANCAN'),
(1041, 'JUNIN', 'HUANCAYO', 'HUANCAYO'),
(1042, 'JUNIN', 'HUANCAYO', 'HUASICANCHA'),
(1043, 'JUNIN', 'HUANCAYO', 'HUAYUCACHI'),
(1044, 'JUNIN', 'HUANCAYO', 'INGENIO'),
(1045, 'JUNIN', 'HUANCAYO', 'PARIAHUANCA'),
(1046, 'JUNIN', 'HUANCAYO', 'PILCOMAYO'),
(1047, 'JUNIN', 'HUANCAYO', 'PUCARA'),
(1048, 'JUNIN', 'HUANCAYO', 'QUICHUAY'),
(1049, 'JUNIN', 'HUANCAYO', 'QUILCAS'),
(1050, 'JUNIN', 'HUANCAYO', 'SA'),
(1051, 'JUNIN', 'HUANCAYO', 'SAN AGUSTIN'),
(1052, 'JUNIN', 'HUANCAYO', 'SAN JERONIMO DE TUNAN'),
(1053, 'JUNIN', 'HUANCAYO', 'SAPALLANGA'),
(1054, 'JUNIN', 'HUANCAYO', 'SICAYA'),
(1055, 'JUNIN', 'HUANCAYO', 'STO DOMINGO DE ACOBAMBA'),
(1056, 'JUNIN', 'HUANCAYO', 'VIQUES'),
(1057, 'JUNIN', 'JAUJA', 'ACOLLA'),
(1058, 'JUNIN', 'JAUJA', 'APATA'),
(1059, 'JUNIN', 'JAUJA', 'ATAURA'),
(1060, 'JUNIN', 'JAUJA', 'CANCHAILLO'),
(1061, 'JUNIN', 'JAUJA', 'CURICACA'),
(1062, 'JUNIN', 'JAUJA', 'EL MANTARO'),
(1063, 'JUNIN', 'JAUJA', 'HUAMALI'),
(1064, 'JUNIN', 'JAUJA', 'HUARIPAMPA'),
(1065, 'JUNIN', 'JAUJA', 'HUERTAS'),
(1066, 'JUNIN', 'JAUJA', 'JANJAILLO'),
(1067, 'JUNIN', 'JAUJA', 'JAUJA'),
(1068, 'JUNIN', 'JAUJA', 'JULCAN'),
(1069, 'JUNIN', 'JAUJA', 'LEONOR ORDO'),
(1070, 'JUNIN', 'JAUJA', 'LLOCLLAPAMPA'),
(1071, 'JUNIN', 'JAUJA', 'MARCO'),
(1072, 'JUNIN', 'JAUJA', 'MASMA'),
(1073, 'JUNIN', 'JAUJA', 'MASMA CHICCHE'),
(1074, 'JUNIN', 'JAUJA', 'MOLINOS'),
(1075, 'JUNIN', 'JAUJA', 'MONOBAMBA'),
(1076, 'JUNIN', 'JAUJA', 'MUQUI'),
(1077, 'JUNIN', 'JAUJA', 'MUQUIYAUYO'),
(1078, 'JUNIN', 'JAUJA', 'PACA'),
(1079, 'JUNIN', 'JAUJA', 'PACCHA'),
(1080, 'JUNIN', 'JAUJA', 'PANCAN'),
(1081, 'JUNIN', 'JAUJA', 'PARCO'),
(1082, 'JUNIN', 'JAUJA', 'POMACANCHA'),
(1083, 'JUNIN', 'JAUJA', 'RICRAN'),
(1084, 'JUNIN', 'JAUJA', 'SAN LORENZO'),
(1085, 'JUNIN', 'JAUJA', 'SAN PEDRO DE CHUNAN'),
(1086, 'JUNIN', 'JAUJA', 'SAUSA'),
(1087, 'JUNIN', 'JAUJA', 'SINCOS'),
(1088, 'JUNIN', 'JAUJA', 'TUNAN MARCA'),
(1089, 'JUNIN', 'JAUJA', 'YAULI'),
(1090, 'JUNIN', 'JAUJA', 'YAUYOS'),
(1091, 'JUNIN', 'JUNIN', 'CARHUAMAYO'),
(1092, 'JUNIN', 'JUNIN', 'JUNIN'),
(1093, 'JUNIN', 'JUNIN', 'ONDORES'),
(1094, 'JUNIN', 'JUNIN', 'ULCUMAYO'),
(1095, 'JUNIN', 'SATIPO', 'COVIRIALI'),
(1096, 'JUNIN', 'SATIPO', 'LLAYLLA'),
(1097, 'JUNIN', 'SATIPO', 'MAZAMARI'),
(1098, 'JUNIN', 'SATIPO', 'PAMPA HERMOSA'),
(1099, 'JUNIN', 'SATIPO', 'PANGOA'),
(1100, 'JUNIN', 'SATIPO', 'RIO NEGRO'),
(1101, 'JUNIN', 'SATIPO', 'RIO TAMBO'),
(1102, 'JUNIN', 'SATIPO', 'SATIPO'),
(1103, 'JUNIN', 'TARMA', 'ACOBAMBA'),
(1104, 'JUNIN', 'TARMA', 'HUARICOLCA'),
(1105, 'JUNIN', 'TARMA', 'HUASAHUASI'),
(1106, 'JUNIN', 'TARMA', 'LA UNION'),
(1107, 'JUNIN', 'TARMA', 'PALCA'),
(1108, 'JUNIN', 'TARMA', 'PALCAMAYO'),
(1109, 'JUNIN', 'TARMA', 'SAN PEDRO DE CAJAS'),
(1110, 'JUNIN', 'TARMA', 'TAPO'),
(1111, 'JUNIN', 'TARMA', 'TARMA'),
(1112, 'JUNIN', 'YAULI', 'CHACAPALPA'),
(1113, 'JUNIN', 'YAULI', 'HUAY HUAY'),
(1114, 'JUNIN', 'YAULI', 'LA OROYA'),
(1115, 'JUNIN', 'YAULI', 'MARCAPOMACOCHA'),
(1116, 'JUNIN', 'YAULI', 'MOROCOCHA'),
(1117, 'JUNIN', 'YAULI', 'PACCHA'),
(1118, 'JUNIN', 'YAULI', 'STA BARBARA DE CARHUACAYAN'),
(1119, 'JUNIN', 'YAULI', 'STA ROSA DE SACCO'),
(1120, 'JUNIN', 'YAULI', 'SUITUCANCHA'),
(1121, 'JUNIN', 'YAULI', 'YAULI'),
(1122, 'LA LIBERTAD', 'ASCOPE', 'ASCOPE'),
(1123, 'LA LIBERTAD', 'ASCOPE', 'CASA GRANDE'),
(1124, 'LA LIBERTAD', 'ASCOPE', 'CHICAMA'),
(1125, 'LA LIBERTAD', 'ASCOPE', 'CHOCOPE'),
(1126, 'LA LIBERTAD', 'ASCOPE', 'MAGDALENA DE CAO'),
(1127, 'LA LIBERTAD', 'ASCOPE', 'PAIJAN'),
(1128, 'LA LIBERTAD', 'ASCOPE', 'RAZURI'),
(1129, 'LA LIBERTAD', 'ASCOPE', 'SANTIAGO DE CAO'),
(1130, 'LA LIBERTAD', 'BOLIVAR', 'BAMBAMARCA'),
(1131, 'LA LIBERTAD', 'BOLIVAR', 'BOLIVAR'),
(1132, 'LA LIBERTAD', 'BOLIVAR', 'CONDORMARCA'),
(1133, 'LA LIBERTAD', 'BOLIVAR', 'LONGOTEA'),
(1134, 'LA LIBERTAD', 'BOLIVAR', 'UCHUMARCA'),
(1135, 'LA LIBERTAD', 'BOLIVAR', 'UCUNCHA'),
(1136, 'LA LIBERTAD', 'CHEPEN', 'CHEPEN'),
(1137, 'LA LIBERTAD', 'CHEPEN', 'PACANGA'),
(1138, 'LA LIBERTAD', 'CHEPEN', 'PUEBLO NUEVO'),
(1139, 'LA LIBERTAD', 'GRAN CHIMU', 'CASCAS'),
(1140, 'LA LIBERTAD', 'GRAN CHIMU', 'LUCMA'),
(1141, 'LA LIBERTAD', 'GRAN CHIMU', 'MARMOT'),
(1142, 'LA LIBERTAD', 'GRAN CHIMU', 'SAYAPULLO'),
(1143, 'LA LIBERTAD', 'JULCAN', 'CALAMARCA'),
(1144, 'LA LIBERTAD', 'JULCAN', 'CARABAMBA'),
(1145, 'LA LIBERTAD', 'JULCAN', 'HUASO'),
(1146, 'LA LIBERTAD', 'JULCAN', 'JULCAN'),
(1147, 'LA LIBERTAD', 'OTUZCO', 'AGALLPAMPA'),
(1148, 'LA LIBERTAD', 'OTUZCO', 'CHARAT'),
(1149, 'LA LIBERTAD', 'OTUZCO', 'HUARANCHAL'),
(1150, 'LA LIBERTAD', 'OTUZCO', 'LA CUESTA'),
(1151, 'LA LIBERTAD', 'OTUZCO', 'MACHE'),
(1152, 'LA LIBERTAD', 'OTUZCO', 'OTUZCO'),
(1153, 'LA LIBERTAD', 'OTUZCO', 'PARANDAY'),
(1154, 'LA LIBERTAD', 'OTUZCO', 'SALPO'),
(1155, 'LA LIBERTAD', 'OTUZCO', 'SINSICAP'),
(1156, 'LA LIBERTAD', 'OTUZCO', 'USQUIL'),
(1157, 'LA LIBERTAD', 'PACASMAYO', 'GUADALUPE'),
(1158, 'LA LIBERTAD', 'PACASMAYO', 'JEQUETEPEQUE'),
(1159, 'LA LIBERTAD', 'PACASMAYO', 'PACASMAYO'),
(1160, 'LA LIBERTAD', 'PACASMAYO', 'SAN JOSE'),
(1161, 'LA LIBERTAD', 'PACASMAYO', 'SAN PEDRO DE LLOC'),
(1162, 'LA LIBERTAD', 'PATAZ', 'BULDIBUYO'),
(1163, 'LA LIBERTAD', 'PATAZ', 'CHILLIA'),
(1164, 'LA LIBERTAD', 'PATAZ', 'HUANCASPATA'),
(1165, 'LA LIBERTAD', 'PATAZ', 'HUAYLILLAS'),
(1166, 'LA LIBERTAD', 'PATAZ', 'HUAYO'),
(1167, 'LA LIBERTAD', 'PATAZ', 'ONGON'),
(1168, 'LA LIBERTAD', 'PATAZ', 'PARCOY'),
(1169, 'LA LIBERTAD', 'PATAZ', 'PATAZ'),
(1170, 'LA LIBERTAD', 'PATAZ', 'PIAS'),
(1171, 'LA LIBERTAD', 'PATAZ', 'SANTIAGO DE CHALLAS'),
(1172, 'LA LIBERTAD', 'PATAZ', 'TAURIJA'),
(1173, 'LA LIBERTAD', 'PATAZ', 'TAYABAMBA'),
(1174, 'LA LIBERTAD', 'PATAZ', 'URPAY'),
(1175, 'LA LIBERTAD', 'SANCHEZ CARRION', 'CHUGAY'),
(1176, 'LA LIBERTAD', 'SANCHEZ CARRION', 'COCHORCO'),
(1177, 'LA LIBERTAD', 'SANCHEZ CARRION', 'CURGOS'),
(1178, 'LA LIBERTAD', 'SANCHEZ CARRION', 'HUAMACHUCO'),
(1179, 'LA LIBERTAD', 'SANCHEZ CARRION', 'MARCABAL'),
(1180, 'LA LIBERTAD', 'SANCHEZ CARRION', 'SANAGORAN'),
(1181, 'LA LIBERTAD', 'SANCHEZ CARRION', 'SARIN'),
(1182, 'LA LIBERTAD', 'SANCHEZ CARRION', 'SARTIMBAMBA'),
(1183, 'LA LIBERTAD', 'SANTIAGO DE CHUCO', 'ANGASMARCA'),
(1184, 'LA LIBERTAD', 'SANTIAGO DE CHUCO', 'CACHICADAN'),
(1185, 'LA LIBERTAD', 'SANTIAGO DE CHUCO', 'MOLLEBAMBA'),
(1186, 'LA LIBERTAD', 'SANTIAGO DE CHUCO', 'MOLLEPATA'),
(1187, 'LA LIBERTAD', 'SANTIAGO DE CHUCO', 'QUIRUVILCA'),
(1188, 'LA LIBERTAD', 'SANTIAGO DE CHUCO', 'SANTA CRUZ DE CHUCA'),
(1189, 'LA LIBERTAD', 'SANTIAGO DE CHUCO', 'SANTIAGO DE CHUCO'),
(1190, 'LA LIBERTAD', 'SANTIAGO DE CHUCO', 'SITABAMBA'),
(1191, 'LA LIBERTAD', 'TRUJILLO', 'EL PORVENIR'),
(1192, 'LA LIBERTAD', 'TRUJILLO', 'FLORENCIA DE MORA'),
(1193, 'LA LIBERTAD', 'TRUJILLO', 'HUANCHACO');
INSERT INTO `ubigeo` (`id`, `departamento`, `provincia`, `distrito`) VALUES
(1194, 'LA LIBERTAD', 'TRUJILLO', 'LA ESPERANZA'),
(1195, 'LA LIBERTAD', 'TRUJILLO', 'LAREDO'),
(1196, 'LA LIBERTAD', 'TRUJILLO', 'MOCHE'),
(1197, 'LA LIBERTAD', 'TRUJILLO', 'POROTO'),
(1198, 'LA LIBERTAD', 'TRUJILLO', 'SALAVERRY'),
(1199, 'LA LIBERTAD', 'TRUJILLO', 'SIMBAL'),
(1200, 'LA LIBERTAD', 'TRUJILLO', 'TRUJILLO'),
(1201, 'LA LIBERTAD', 'TRUJILLO', 'VICTOR LARCO HERRERA'),
(1202, 'LA LIBERTAD', 'VIRU', 'CHAO'),
(1203, 'LA LIBERTAD', 'VIRU', 'GUADALUPITO'),
(1204, 'LA LIBERTAD', 'VIRU', 'VIRU'),
(1205, 'LAMBAYEQUE', 'CHICLAYO', 'CAYALTI'),
(1206, 'LAMBAYEQUE', 'CHICLAYO', 'CHICLAYO'),
(1207, 'LAMBAYEQUE', 'CHICLAYO', 'CHONGOYAPE'),
(1208, 'LAMBAYEQUE', 'CHICLAYO', 'ETEN'),
(1209, 'LAMBAYEQUE', 'CHICLAYO', 'ETEN PUERTO'),
(1210, 'LAMBAYEQUE', 'CHICLAYO', 'JOSE LEONARDO ORTIZ'),
(1211, 'LAMBAYEQUE', 'CHICLAYO', 'LA VICTORIA'),
(1212, 'LAMBAYEQUE', 'CHICLAYO', 'LAGUNAS'),
(1213, 'LAMBAYEQUE', 'CHICLAYO', 'MONSEFU'),
(1214, 'LAMBAYEQUE', 'CHICLAYO', 'NUEVA ARICA'),
(1215, 'LAMBAYEQUE', 'CHICLAYO', 'OYOTUN'),
(1216, 'LAMBAYEQUE', 'CHICLAYO', 'PATAPO'),
(1217, 'LAMBAYEQUE', 'CHICLAYO', 'PICSI'),
(1218, 'LAMBAYEQUE', 'CHICLAYO', 'PIMENTEL'),
(1219, 'LAMBAYEQUE', 'CHICLAYO', 'POMALCA'),
(1220, 'LAMBAYEQUE', 'CHICLAYO', 'PUCALA'),
(1221, 'LAMBAYEQUE', 'CHICLAYO', 'REQUE'),
(1222, 'LAMBAYEQUE', 'CHICLAYO', 'SA'),
(1223, 'LAMBAYEQUE', 'CHICLAYO', 'SANTA ROSA'),
(1224, 'LAMBAYEQUE', 'CHICLAYO', 'TUMAN'),
(1225, 'LAMBAYEQUE', 'FERRE', 'CA'),
(1226, 'LAMBAYEQUE', 'FERRE', 'FERRE'),
(1227, 'LAMBAYEQUE', 'FERRE', 'INCAHUASI'),
(1228, 'LAMBAYEQUE', 'FERRE', 'MANUEL ANTONIO MESONES MURO'),
(1229, 'LAMBAYEQUE', 'FERRE', 'PITIPO'),
(1230, 'LAMBAYEQUE', 'FERRE', 'PUEBLO NUEVO'),
(1231, 'LAMBAYEQUE', 'LAMBAYEQUE', 'CHOCHOPE'),
(1232, 'LAMBAYEQUE', 'LAMBAYEQUE', 'ILLIMO'),
(1233, 'LAMBAYEQUE', 'LAMBAYEQUE', 'JAYANCA'),
(1234, 'LAMBAYEQUE', 'LAMBAYEQUE', 'LAMBAYEQUE'),
(1235, 'LAMBAYEQUE', 'LAMBAYEQUE', 'MOCHUMI'),
(1236, 'LAMBAYEQUE', 'LAMBAYEQUE', 'MORROPE'),
(1237, 'LAMBAYEQUE', 'LAMBAYEQUE', 'MOTUPE'),
(1238, 'LAMBAYEQUE', 'LAMBAYEQUE', 'OLMOS'),
(1239, 'LAMBAYEQUE', 'LAMBAYEQUE', 'PACORA'),
(1240, 'LAMBAYEQUE', 'LAMBAYEQUE', 'SALAS'),
(1241, 'LAMBAYEQUE', 'LAMBAYEQUE', 'SAN JOSE'),
(1242, 'LAMBAYEQUE', 'LAMBAYEQUE', 'TUCUME'),
(1243, 'LIMA', 'BARRANCA', 'BARRANCA'),
(1244, 'LIMA', 'BARRANCA', 'PARAMONGA'),
(1245, 'LIMA', 'BARRANCA', 'PATIVILCA'),
(1246, 'LIMA', 'BARRANCA', 'SUPE'),
(1247, 'LIMA', 'BARRANCA', 'SUPE PUERTO'),
(1248, 'LIMA', 'CA', 'ASIA'),
(1249, 'LIMA', 'CA', 'CALANGO'),
(1250, 'LIMA', 'CA', 'CERRO AZUL'),
(1251, 'LIMA', 'CA', 'CHILCA'),
(1252, 'LIMA', 'CA', 'COAYLLO'),
(1253, 'LIMA', 'CA', 'IMPERIAL'),
(1254, 'LIMA', 'CA', 'LUNAHUANA'),
(1255, 'LIMA', 'CA', 'MALA'),
(1256, 'LIMA', 'CA', 'NUEVO IMPERIAL'),
(1257, 'LIMA', 'CA', 'PACARAN'),
(1258, 'LIMA', 'CA', 'QUILMANA'),
(1259, 'LIMA', 'CA', 'SAN ANTONIO'),
(1260, 'LIMA', 'CA', 'SAN LUIS'),
(1261, 'LIMA', 'CA', 'SAN VICENTE DE CA'),
(1262, 'LIMA', 'CA', 'SANTA CRUZ DE FLORES'),
(1263, 'LIMA', 'CA', 'ZU'),
(1264, 'LIMA', 'CAJATAMBO', 'CAJATAMBO'),
(1265, 'LIMA', 'CAJATAMBO', 'COPA'),
(1266, 'LIMA', 'CAJATAMBO', 'GORGOR'),
(1267, 'LIMA', 'CAJATAMBO', 'HUANCAPON'),
(1268, 'LIMA', 'CAJATAMBO', 'MANAS'),
(1269, 'LIMA', 'CANTA', 'ARAHUAY'),
(1270, 'LIMA', 'CANTA', 'CANTA'),
(1271, 'LIMA', 'CANTA', 'HUAMANTANGA'),
(1272, 'LIMA', 'CANTA', 'HUAROS'),
(1273, 'LIMA', 'CANTA', 'LACHAQUI'),
(1274, 'LIMA', 'CANTA', 'SAN BUENAVENTURA'),
(1275, 'LIMA', 'CANTA', 'SANTA ROSA DE QUIVES'),
(1276, 'LIMA', 'HUARAL', 'ATAVILLOS ALTO'),
(1277, 'LIMA', 'HUARAL', 'ATAVILLOS BAJO'),
(1278, 'LIMA', 'HUARAL', 'AUCALLAMA'),
(1279, 'LIMA', 'HUARAL', 'CHANCAY'),
(1280, 'LIMA', 'HUARAL', 'HUARAL'),
(1281, 'LIMA', 'HUARAL', 'IHUARI'),
(1282, 'LIMA', 'HUARAL', 'LAMPIAN'),
(1283, 'LIMA', 'HUARAL', 'PACARAOS'),
(1284, 'LIMA', 'HUARAL', 'SAN MIGUEL DE ACOS'),
(1285, 'LIMA', 'HUARAL', 'STA CRUZ DE ANDAMARCA'),
(1286, 'LIMA', 'HUARAL', 'SUMBILCA'),
(1287, 'LIMA', 'HUARAL', 'VEINTISIETE DE NOVIEMBRE'),
(1288, 'LIMA', 'HUAROCHIRI', 'ANTIOQUIA'),
(1289, 'LIMA', 'HUAROCHIRI', 'CALLAHUANCA'),
(1290, 'LIMA', 'HUAROCHIRI', 'CARAMPOMA'),
(1291, 'LIMA', 'HUAROCHIRI', 'CASTA'),
(1292, 'LIMA', 'HUAROCHIRI', 'CHICLA'),
(1293, 'LIMA', 'HUAROCHIRI', 'HUACHUPAMPA'),
(1294, 'LIMA', 'HUAROCHIRI', 'HUANZA'),
(1295, 'LIMA', 'HUAROCHIRI', 'HUAROCHIRI'),
(1296, 'LIMA', 'HUAROCHIRI', 'LAHUAYTAMBO'),
(1297, 'LIMA', 'HUAROCHIRI', 'LANGA'),
(1298, 'LIMA', 'HUAROCHIRI', 'LARAOS'),
(1299, 'LIMA', 'HUAROCHIRI', 'MARIATANA'),
(1300, 'LIMA', 'HUAROCHIRI', 'MATUCANA'),
(1301, 'LIMA', 'HUAROCHIRI', 'RICARDO PALMA'),
(1302, 'LIMA', 'HUAROCHIRI', 'SAN ANDRES DE TUPICOCHA'),
(1303, 'LIMA', 'HUAROCHIRI', 'SAN ANTONIO'),
(1304, 'LIMA', 'HUAROCHIRI', 'SAN BARTOLOME'),
(1305, 'LIMA', 'HUAROCHIRI', 'SAN DAMIAN'),
(1306, 'LIMA', 'HUAROCHIRI', 'SAN JOSE DE LOS CHORRILLOS'),
(1307, 'LIMA', 'HUAROCHIRI', 'SAN JUAN DE IRIS'),
(1308, 'LIMA', 'HUAROCHIRI', 'SAN JUAN DE TANTARANCHE'),
(1309, 'LIMA', 'HUAROCHIRI', 'SAN LORENZO DE QUINTI'),
(1310, 'LIMA', 'HUAROCHIRI', 'SAN MATEO'),
(1311, 'LIMA', 'HUAROCHIRI', 'SAN MATEO DE OTAO'),
(1312, 'LIMA', 'HUAROCHIRI', 'SAN PEDRO DE HUANCAYRE'),
(1313, 'LIMA', 'HUAROCHIRI', 'SANGALLAYA'),
(1314, 'LIMA', 'HUAROCHIRI', 'SANTA CRUZ DE COCACHACRA'),
(1315, 'LIMA', 'HUAROCHIRI', 'SANTA EULALIA'),
(1316, 'LIMA', 'HUAROCHIRI', 'SANTIAGO DE ANCHUCAYA'),
(1317, 'LIMA', 'HUAROCHIRI', 'SANTIAGO DE TUNA'),
(1318, 'LIMA', 'HUAROCHIRI', 'SANTO DOMINGO DE LOS OLLEROS'),
(1319, 'LIMA', 'HUAROCHIRI', 'SURCO'),
(1320, 'LIMA', 'HUAURA', 'AMBAR'),
(1321, 'LIMA', 'HUAURA', 'CALETA DE CARQUIN'),
(1322, 'LIMA', 'HUAURA', 'CHECRAS'),
(1323, 'LIMA', 'HUAURA', 'HUACHO'),
(1324, 'LIMA', 'HUAURA', 'HUALMAY'),
(1325, 'LIMA', 'HUAURA', 'HUAURA'),
(1326, 'LIMA', 'HUAURA', 'LEONCIO PRADO'),
(1327, 'LIMA', 'HUAURA', 'PACCHO'),
(1328, 'LIMA', 'HUAURA', 'SANTA LEONOR'),
(1329, 'LIMA', 'HUAURA', 'SANTA MARIA'),
(1330, 'LIMA', 'HUAURA', 'SAYAN'),
(1331, 'LIMA', 'HUAURA', 'VEGUETA'),
(1332, 'LIMA', 'LIMA', 'ANCON'),
(1333, 'LIMA', 'LIMA', 'ATE'),
(1334, 'LIMA', 'LIMA', 'BARRANCO'),
(1335, 'LIMA', 'LIMA', 'BRE'),
(1336, 'LIMA', 'LIMA', 'CARABAYLLO'),
(1337, 'LIMA', 'LIMA', 'CHACLACAYO'),
(1338, 'LIMA', 'LIMA', 'CHORRILLOS'),
(1339, 'LIMA', 'LIMA', 'CIENEGUILLA'),
(1340, 'LIMA', 'LIMA', 'COMAS'),
(1341, 'LIMA', 'LIMA', 'EL AGUSTINO'),
(1342, 'LIMA', 'LIMA', 'INDEPENDENCIA'),
(1343, 'LIMA', 'LIMA', 'JESUS MARIA'),
(1344, 'LIMA', 'LIMA', 'LA MOLINA'),
(1345, 'LIMA', 'LIMA', 'LA VICTORIA'),
(1346, 'LIMA', 'LIMA', 'LIMA'),
(1347, 'LIMA', 'LIMA', 'LINCE'),
(1348, 'LIMA', 'LIMA', 'LOS OLIVOS'),
(1349, 'LIMA', 'LIMA', 'LURIGANCHO'),
(1350, 'LIMA', 'LIMA', 'LURIN'),
(1351, 'LIMA', 'LIMA', 'MAGDALENA DEL MAR'),
(1352, 'LIMA', 'LIMA', 'MIRAFLORES'),
(1353, 'LIMA', 'LIMA', 'PACHACAMAC'),
(1354, 'LIMA', 'LIMA', 'PUCUSANA'),
(1355, 'LIMA', 'LIMA', 'PUEBLO LIBRE'),
(1356, 'LIMA', 'LIMA', 'PUENTE PIEDRA'),
(1357, 'LIMA', 'LIMA', 'PUNTA HERMOSA'),
(1358, 'LIMA', 'LIMA', 'PUNTA NEGRA'),
(1359, 'LIMA', 'LIMA', 'RIMAC'),
(1360, 'LIMA', 'LIMA', 'SAN BARTOLO'),
(1361, 'LIMA', 'LIMA', 'SAN BORJA'),
(1362, 'LIMA', 'LIMA', 'SAN ISIDRO'),
(1363, 'LIMA', 'LIMA', 'SAN JUAN DE LURIGANCHO'),
(1364, 'LIMA', 'LIMA', 'SAN JUAN DE MIRAFLORES'),
(1365, 'LIMA', 'LIMA', 'SAN LUIS'),
(1366, 'LIMA', 'LIMA', 'SAN MARTIN DE PORRES'),
(1367, 'LIMA', 'LIMA', 'SAN MIGUEL'),
(1368, 'LIMA', 'LIMA', 'SANTA ANITA'),
(1369, 'LIMA', 'LIMA', 'SANTA ROSA'),
(1370, 'LIMA', 'LIMA', 'SANTIAGO DE SURCO'),
(1371, 'LIMA', 'LIMA', 'STA MARIA DEL MAR'),
(1372, 'LIMA', 'LIMA', 'SURQUILLO'),
(1373, 'LIMA', 'LIMA', 'VILLA EL SALVADOR'),
(1374, 'LIMA', 'LIMA', 'VILLA MARIA DEL TRIUNFO'),
(1375, 'LIMA', 'OYON', 'ANDAJES'),
(1376, 'LIMA', 'OYON', 'CAUJUL'),
(1377, 'LIMA', 'OYON', 'COCHAMARCA'),
(1378, 'LIMA', 'OYON', 'NAVAN'),
(1379, 'LIMA', 'OYON', 'OYON'),
(1380, 'LIMA', 'OYON', 'PACHANGARA'),
(1381, 'LIMA', 'YAUYOS', 'ALIS'),
(1382, 'LIMA', 'YAUYOS', 'AYAUCA'),
(1383, 'LIMA', 'YAUYOS', 'AYAVIRI'),
(1384, 'LIMA', 'YAUYOS', 'AZANGARO'),
(1385, 'LIMA', 'YAUYOS', 'CACRA'),
(1386, 'LIMA', 'YAUYOS', 'CARANIA'),
(1387, 'LIMA', 'YAUYOS', 'CATAHUASI'),
(1388, 'LIMA', 'YAUYOS', 'CHOCOS'),
(1389, 'LIMA', 'YAUYOS', 'COCHAS'),
(1390, 'LIMA', 'YAUYOS', 'COLONIA'),
(1391, 'LIMA', 'YAUYOS', 'HONGOS'),
(1392, 'LIMA', 'YAUYOS', 'HUA'),
(1393, 'LIMA', 'YAUYOS', 'HUAMPARA'),
(1394, 'LIMA', 'YAUYOS', 'HUANCAYA'),
(1395, 'LIMA', 'YAUYOS', 'HUANGASCAR'),
(1396, 'LIMA', 'YAUYOS', 'HUANTAN'),
(1397, 'LIMA', 'YAUYOS', 'LARAOS'),
(1398, 'LIMA', 'YAUYOS', 'LINCHA'),
(1399, 'LIMA', 'YAUYOS', 'MADEAN'),
(1400, 'LIMA', 'YAUYOS', 'MIRAFLORES'),
(1401, 'LIMA', 'YAUYOS', 'OMAS'),
(1402, 'LIMA', 'YAUYOS', 'PUTINZA'),
(1403, 'LIMA', 'YAUYOS', 'QUINCHES'),
(1404, 'LIMA', 'YAUYOS', 'QUINOCAY'),
(1405, 'LIMA', 'YAUYOS', 'SAN JOAQUIN'),
(1406, 'LIMA', 'YAUYOS', 'SAN PEDRO DE PILAS'),
(1407, 'LIMA', 'YAUYOS', 'TANTA'),
(1408, 'LIMA', 'YAUYOS', 'TAURIPAMPA'),
(1409, 'LIMA', 'YAUYOS', 'TOMAS'),
(1410, 'LIMA', 'YAUYOS', 'TUPE'),
(1411, 'LIMA', 'YAUYOS', 'VI'),
(1412, 'LIMA', 'YAUYOS', 'VITIS'),
(1413, 'LIMA', 'YAUYOS', 'YAUYOS'),
(1414, 'LORETO', 'ALTO AMAZONAS', 'BALSAPUERTO'),
(1415, 'LORETO', 'ALTO AMAZONAS', 'JEBEROS'),
(1416, 'LORETO', 'ALTO AMAZONAS', 'LAGUNAS'),
(1417, 'LORETO', 'ALTO AMAZONAS', 'SANTA CRUZ'),
(1418, 'LORETO', 'ALTO AMAZONAS', 'TNTE CESAR LOPEZ ROJAS'),
(1419, 'LORETO', 'ALTO AMAZONAS', 'YURIMAGUAS'),
(1420, 'LORETO', 'DATEM DEL MARA', 'ANDOAS'),
(1421, 'LORETO', 'DATEM DEL MARA', 'BARRANCA'),
(1422, 'LORETO', 'DATEM DEL MARA', 'CAHUAPANAS'),
(1423, 'LORETO', 'DATEM DEL MARA', 'MANSERICHE'),
(1424, 'LORETO', 'DATEM DEL MARA', 'MORONA'),
(1425, 'LORETO', 'DATEM DEL MARA', 'PASTAZA'),
(1426, 'LORETO', 'LORETO', 'NAUTA'),
(1427, 'LORETO', 'LORETO', 'PARINARI'),
(1428, 'LORETO', 'LORETO', 'TIGRE'),
(1429, 'LORETO', 'LORETO', 'TROMPETEROS'),
(1430, 'LORETO', 'LORETO', 'URARINAS'),
(1431, 'LORETO', 'MARISCAL RAMON CASTILLA', 'MARISCAL RAMON CASTILLA'),
(1432, 'LORETO', 'MARISCAL RAMON CASTILLA', 'PEBAS'),
(1433, 'LORETO', 'MARISCAL RAMON CASTILLA', 'SAN PABLO'),
(1434, 'LORETO', 'MARISCAL RAMON CASTILLA', 'YAVARI'),
(1435, 'LORETO', 'MAYNAS', 'ALTO NANAY'),
(1436, 'LORETO', 'MAYNAS', 'BELEN'),
(1437, 'LORETO', 'MAYNAS', 'FERNANDO LORES'),
(1438, 'LORETO', 'MAYNAS', 'INDIANA'),
(1439, 'LORETO', 'MAYNAS', 'IQUITOS'),
(1440, 'LORETO', 'MAYNAS', 'LAS AMAZONAS'),
(1441, 'LORETO', 'MAYNAS', 'MAZAN'),
(1442, 'LORETO', 'MAYNAS', 'NAPO'),
(1443, 'LORETO', 'MAYNAS', 'PUNCHANA'),
(1444, 'LORETO', 'MAYNAS', 'PUTUMAYO'),
(1445, 'LORETO', 'MAYNAS', 'SAN JUAN BAUTISTA'),
(1446, 'LORETO', 'MAYNAS', 'TNTE MANUEL CLAVERO'),
(1447, 'LORETO', 'MAYNAS', 'TORRES CAUSANA'),
(1448, 'LORETO', 'REQUENA', 'ALTO TAPICHE'),
(1449, 'LORETO', 'REQUENA', 'CAPELO'),
(1450, 'LORETO', 'REQUENA', 'EMILIO SAN MARTIN'),
(1451, 'LORETO', 'REQUENA', 'JENARO HERRERA'),
(1452, 'LORETO', 'REQUENA', 'MAQUIA'),
(1453, 'LORETO', 'REQUENA', 'PUINAHUA'),
(1454, 'LORETO', 'REQUENA', 'REQUENA'),
(1455, 'LORETO', 'REQUENA', 'SAPUENA'),
(1456, 'LORETO', 'REQUENA', 'SOPLIN'),
(1457, 'LORETO', 'REQUENA', 'TAPICHE'),
(1458, 'LORETO', 'REQUENA', 'YAQUERANA'),
(1459, 'LORETO', 'UCAYALI', 'CONTAMANA'),
(1460, 'LORETO', 'UCAYALI', 'INAHUAYA'),
(1461, 'LORETO', 'UCAYALI', 'PADRE MARQUEZ'),
(1462, 'LORETO', 'UCAYALI', 'PAMPA HERMOZA'),
(1463, 'LORETO', 'UCAYALI', 'SARAYACU'),
(1464, 'LORETO', 'UCAYALI', 'VARGAS GUERRA'),
(1465, 'MADRE DE DIOS', 'MANU', 'FITZCARRALD'),
(1466, 'MADRE DE DIOS', 'MANU', 'HUEPETUHE'),
(1467, 'MADRE DE DIOS', 'MANU', 'MADRE DE DIOS'),
(1468, 'MADRE DE DIOS', 'MANU', 'MANU'),
(1469, 'MADRE DE DIOS', 'TAHUAMANU', 'I'),
(1470, 'MADRE DE DIOS', 'TAHUAMANU', 'IBERIA'),
(1471, 'MADRE DE DIOS', 'TAHUAMANU', 'TAHUAMANU'),
(1472, 'MADRE DE DIOS', 'TAMBOPATA', 'INAMBARI'),
(1473, 'MADRE DE DIOS', 'TAMBOPATA', 'LABERINTO'),
(1474, 'MADRE DE DIOS', 'TAMBOPATA', 'LAS PIEDRAS'),
(1475, 'MADRE DE DIOS', 'TAMBOPATA', 'TAMBOPATA'),
(1476, 'MOQUEGUA', 'GENERAL SANCHEZ CERRO', 'CHOJATA'),
(1477, 'MOQUEGUA', 'GENERAL SANCHEZ CERRO', 'COALAQUE'),
(1478, 'MOQUEGUA', 'GENERAL SANCHEZ CERRO', 'ICHU'),
(1479, 'MOQUEGUA', 'GENERAL SANCHEZ CERRO', 'LA CAPILLA'),
(1480, 'MOQUEGUA', 'GENERAL SANCHEZ CERRO', 'LLOQUE'),
(1481, 'MOQUEGUA', 'GENERAL SANCHEZ CERRO', 'MATALAQUE'),
(1482, 'MOQUEGUA', 'GENERAL SANCHEZ CERRO', 'OMATE'),
(1483, 'MOQUEGUA', 'GENERAL SANCHEZ CERRO', 'PUQUINA'),
(1484, 'MOQUEGUA', 'GENERAL SANCHEZ CERRO', 'QUINISTAQUILLAS'),
(1485, 'MOQUEGUA', 'GENERAL SANCHEZ CERRO', 'UBINAS'),
(1486, 'MOQUEGUA', 'GENERAL SANCHEZ CERRO', 'YUNGA'),
(1487, 'MOQUEGUA', 'ILO', 'EL ALGARROBAL'),
(1488, 'MOQUEGUA', 'ILO', 'ILO'),
(1489, 'MOQUEGUA', 'ILO', 'PACOCHA'),
(1490, 'MOQUEGUA', 'MARISCAL NIETO', 'CARUMAS'),
(1491, 'MOQUEGUA', 'MARISCAL NIETO', 'CUCHUMBAYA'),
(1492, 'MOQUEGUA', 'MARISCAL NIETO', 'MOQUEGUA'),
(1493, 'MOQUEGUA', 'MARISCAL NIETO', 'SAMEGUA'),
(1494, 'MOQUEGUA', 'MARISCAL NIETO', 'SAN CRISTOBAL'),
(1495, 'MOQUEGUA', 'MARISCAL NIETO', 'TORATA'),
(1496, 'PASCO', 'DANIEL ALCIDES CARRION', 'CHACAYAN'),
(1497, 'PASCO', 'DANIEL ALCIDES CARRION', 'GOYLLARISQUIZGA'),
(1498, 'PASCO', 'DANIEL ALCIDES CARRION', 'PAUCAR'),
(1499, 'PASCO', 'DANIEL ALCIDES CARRION', 'SAN PEDRO DE PILLAO'),
(1500, 'PASCO', 'DANIEL ALCIDES CARRION', 'SANTA ANA DE TUSI'),
(1501, 'PASCO', 'DANIEL ALCIDES CARRION', 'TAPUC'),
(1502, 'PASCO', 'DANIEL ALCIDES CARRION', 'VILCABAMBA'),
(1503, 'PASCO', 'DANIEL ALCIDES CARRION', 'YANAHUANCA'),
(1504, 'PASCO', 'OXAPAMPA', 'CHONTABAMBA'),
(1505, 'PASCO', 'OXAPAMPA', 'HUANCABAMBA'),
(1506, 'PASCO', 'OXAPAMPA', 'OXAPAMPA'),
(1507, 'PASCO', 'OXAPAMPA', 'PALCAZU'),
(1508, 'PASCO', 'OXAPAMPA', 'POZUZO'),
(1509, 'PASCO', 'OXAPAMPA', 'PUERTO BERMUDEZ'),
(1510, 'PASCO', 'OXAPAMPA', 'VILLA RICA'),
(1511, 'PASCO', 'PASCO', 'CHAUPIMARCA'),
(1512, 'PASCO', 'PASCO', 'HUACHON'),
(1513, 'PASCO', 'PASCO', 'HUARIACA'),
(1514, 'PASCO', 'PASCO', 'HUAYLLAY'),
(1515, 'PASCO', 'PASCO', 'NINACACA'),
(1516, 'PASCO', 'PASCO', 'PALLANCHACRA'),
(1517, 'PASCO', 'PASCO', 'PAUCARTAMBO'),
(1518, 'PASCO', 'PASCO', 'SAN FCO DE ASIS DE YARUSYACAN'),
(1519, 'PASCO', 'PASCO', 'SIMON BOLIVAR'),
(1520, 'PASCO', 'PASCO', 'TICLACAYAN'),
(1521, 'PASCO', 'PASCO', 'TINYAHUARCO'),
(1522, 'PASCO', 'PASCO', 'VICCO'),
(1523, 'PASCO', 'PASCO', 'YANACANCHA'),
(1524, 'PIURA', 'AYABACA', 'AYABACA'),
(1525, 'PIURA', 'AYABACA', 'FRIAS'),
(1526, 'PIURA', 'AYABACA', 'JILILI'),
(1527, 'PIURA', 'AYABACA', 'LAGUNAS'),
(1528, 'PIURA', 'AYABACA', 'MONTERO'),
(1529, 'PIURA', 'AYABACA', 'PACAIPAMPA'),
(1530, 'PIURA', 'AYABACA', 'PAIMAS'),
(1531, 'PIURA', 'AYABACA', 'SAPILLICA'),
(1532, 'PIURA', 'AYABACA', 'SICCHEZ'),
(1533, 'PIURA', 'AYABACA', 'SUYO'),
(1534, 'PIURA', 'HUANCABAMBA', 'CANCHAQUE'),
(1535, 'PIURA', 'HUANCABAMBA', 'EL CARMEN DE LA FRONTERA'),
(1536, 'PIURA', 'HUANCABAMBA', 'HUANCABAMBA'),
(1537, 'PIURA', 'HUANCABAMBA', 'HUARMACA'),
(1538, 'PIURA', 'HUANCABAMBA', 'LALAQUIZ'),
(1539, 'PIURA', 'HUANCABAMBA', 'SAN MIGUEL DE EL FAIQUE'),
(1540, 'PIURA', 'HUANCABAMBA', 'SONDOR'),
(1541, 'PIURA', 'HUANCABAMBA', 'SONDORILLO'),
(1542, 'PIURA', 'MORROPON', 'BUENOS AIRES'),
(1543, 'PIURA', 'MORROPON', 'CHALACO'),
(1544, 'PIURA', 'MORROPON', 'CHULUCANAS'),
(1545, 'PIURA', 'MORROPON', 'LA MATANZA'),
(1546, 'PIURA', 'MORROPON', 'MORROPON'),
(1547, 'PIURA', 'MORROPON', 'SALITRAL'),
(1548, 'PIURA', 'MORROPON', 'SAN JUAN DE BIGOTE'),
(1549, 'PIURA', 'MORROPON', 'SANTA CATALINA DE MOSSA'),
(1550, 'PIURA', 'MORROPON', 'SANTO DOMINGO'),
(1551, 'PIURA', 'MORROPON', 'YAMANGO'),
(1552, 'PIURA', 'PAITA', 'AMOTAPE'),
(1553, 'PIURA', 'PAITA', 'ARENAL'),
(1554, 'PIURA', 'PAITA', 'LA HUACA'),
(1555, 'PIURA', 'PAITA', 'PAITA'),
(1556, 'PIURA', 'PAITA', 'PUEBLO NUEVO DE COLAN'),
(1557, 'PIURA', 'PAITA', 'TAMARINDO'),
(1558, 'PIURA', 'PAITA', 'VICHAYAL'),
(1559, 'PIURA', 'PIURA', 'CASTILLA'),
(1560, 'PIURA', 'PIURA', 'CATACAOS'),
(1561, 'PIURA', 'PIURA', 'CURA MORI'),
(1562, 'PIURA', 'PIURA', 'EL TALLAN'),
(1563, 'PIURA', 'PIURA', 'LA ARENA'),
(1564, 'PIURA', 'PIURA', 'LA UNION'),
(1565, 'PIURA', 'PIURA', 'LAS LOMAS'),
(1566, 'PIURA', 'PIURA', 'PIURA'),
(1567, 'PIURA', 'PIURA', 'TAMBO GRANDE'),
(1568, 'PIURA', 'SECHURA', 'BELLAVISTA DE LA UNION'),
(1569, 'PIURA', 'SECHURA', 'BERNAL'),
(1570, 'PIURA', 'SECHURA', 'CRISTO NOS VALGA'),
(1571, 'PIURA', 'SECHURA', 'RINCONADA LLICUAR'),
(1572, 'PIURA', 'SECHURA', 'SECHURA'),
(1573, 'PIURA', 'SECHURA', 'VICE'),
(1574, 'PIURA', 'SULLANA', 'BELLAVISTA'),
(1575, 'PIURA', 'SULLANA', 'IGNACIO ESCUDERO'),
(1576, 'PIURA', 'SULLANA', 'LANCONES'),
(1577, 'PIURA', 'SULLANA', 'MARCAVELICA'),
(1578, 'PIURA', 'SULLANA', 'MIGUEL CHECA'),
(1579, 'PIURA', 'SULLANA', 'QUERECOTILLO'),
(1580, 'PIURA', 'SULLANA', 'SALITRAL'),
(1581, 'PIURA', 'SULLANA', 'SULLANA'),
(1582, 'PIURA', 'TALARA', 'EL ALTO'),
(1583, 'PIURA', 'TALARA', 'LA BREA'),
(1584, 'PIURA', 'TALARA', 'LOBITOS'),
(1585, 'PIURA', 'TALARA', 'LOS ORGANOS'),
(1586, 'PIURA', 'TALARA', 'MANCORA'),
(1587, 'PIURA', 'TALARA', 'PARI'),
(1588, 'PUNO', 'AZANGARO', 'ACHAYA'),
(1589, 'PUNO', 'AZANGARO', 'ARAPA'),
(1590, 'PUNO', 'AZANGARO', 'ASILLO'),
(1591, 'PUNO', 'AZANGARO', 'AZANGARO'),
(1592, 'PUNO', 'AZANGARO', 'CAMINACA'),
(1593, 'PUNO', 'AZANGARO', 'CHUPA'),
(1594, 'PUNO', 'AZANGARO', 'JOSE DOMINGO CHOQUEHUANCA'),
(1595, 'PUNO', 'AZANGARO', 'MU'),
(1596, 'PUNO', 'AZANGARO', 'POTONI'),
(1597, 'PUNO', 'AZANGARO', 'SAMAN'),
(1598, 'PUNO', 'AZANGARO', 'SAN ANTON'),
(1599, 'PUNO', 'AZANGARO', 'SAN JOSE'),
(1600, 'PUNO', 'AZANGARO', 'SAN JUAN DE SALINAS'),
(1601, 'PUNO', 'AZANGARO', 'STGO DE PUPUJA'),
(1602, 'PUNO', 'AZANGARO', 'TIRAPATA'),
(1603, 'PUNO', 'CARABAYA', 'AJOYANI'),
(1604, 'PUNO', 'CARABAYA', 'AYAPATA'),
(1605, 'PUNO', 'CARABAYA', 'COASA'),
(1606, 'PUNO', 'CARABAYA', 'CORANI'),
(1607, 'PUNO', 'CARABAYA', 'CRUCERO'),
(1608, 'PUNO', 'CARABAYA', 'ITUATA'),
(1609, 'PUNO', 'CARABAYA', 'MACUSANI'),
(1610, 'PUNO', 'CARABAYA', 'OLLACHEA'),
(1611, 'PUNO', 'CARABAYA', 'SAN GABAN'),
(1612, 'PUNO', 'CARABAYA', 'USICAYOS'),
(1613, 'PUNO', 'CHUCUITO', 'DESAGUADERO'),
(1614, 'PUNO', 'CHUCUITO', 'HUACULLANI'),
(1615, 'PUNO', 'CHUCUITO', 'JULI'),
(1616, 'PUNO', 'CHUCUITO', 'KELLUYO'),
(1617, 'PUNO', 'CHUCUITO', 'PISACOMA'),
(1618, 'PUNO', 'CHUCUITO', 'POMATA'),
(1619, 'PUNO', 'CHUCUITO', 'ZEPITA'),
(1620, 'PUNO', 'EL COLLAO', 'CAPASO'),
(1621, 'PUNO', 'EL COLLAO', 'CONDURIRI'),
(1622, 'PUNO', 'EL COLLAO', 'ILAVE'),
(1623, 'PUNO', 'EL COLLAO', 'PILCUYO'),
(1624, 'PUNO', 'EL COLLAO', 'SANTA ROSA'),
(1625, 'PUNO', 'HUANCANE', 'COJATA'),
(1626, 'PUNO', 'HUANCANE', 'HUANCANE'),
(1627, 'PUNO', 'HUANCANE', 'HUATASANI'),
(1628, 'PUNO', 'HUANCANE', 'INCHUPALLA'),
(1629, 'PUNO', 'HUANCANE', 'PUSI'),
(1630, 'PUNO', 'HUANCANE', 'ROSASPATA'),
(1631, 'PUNO', 'HUANCANE', 'TARACO'),
(1632, 'PUNO', 'HUANCANE', 'VILQUE CHICO'),
(1633, 'PUNO', 'LAMPA', 'CABANILLA'),
(1634, 'PUNO', 'LAMPA', 'CALAPUJA'),
(1635, 'PUNO', 'LAMPA', 'LAMPA'),
(1636, 'PUNO', 'LAMPA', 'NICASIO'),
(1637, 'PUNO', 'LAMPA', 'OCUVIRI'),
(1638, 'PUNO', 'LAMPA', 'PALCA'),
(1639, 'PUNO', 'LAMPA', 'PARATIA'),
(1640, 'PUNO', 'LAMPA', 'PUCARA'),
(1641, 'PUNO', 'LAMPA', 'SANTA LUCIA'),
(1642, 'PUNO', 'LAMPA', 'VILAVILA'),
(1643, 'PUNO', 'MELGAR', 'ANTAUTA'),
(1644, 'PUNO', 'MELGAR', 'AYAVIRI'),
(1645, 'PUNO', 'MELGAR', 'CUPI'),
(1646, 'PUNO', 'MELGAR', 'LLALLI'),
(1647, 'PUNO', 'MELGAR', 'MACARI'),
(1648, 'PUNO', 'MELGAR', 'NU'),
(1649, 'PUNO', 'MELGAR', 'ORURILLO'),
(1650, 'PUNO', 'MELGAR', 'SANTA ROSA'),
(1651, 'PUNO', 'MELGAR', 'UMACHIRI'),
(1652, 'PUNO', 'MOHO', 'CONIMA'),
(1653, 'PUNO', 'MOHO', 'HUAYRAPATA'),
(1654, 'PUNO', 'MOHO', 'MOHO'),
(1655, 'PUNO', 'MOHO', 'TILALI'),
(1656, 'PUNO', 'PUNO', 'ACORA'),
(1657, 'PUNO', 'PUNO', 'AMANTANI'),
(1658, 'PUNO', 'PUNO', 'ATUNCOLLA'),
(1659, 'PUNO', 'PUNO', 'CAPACHICA'),
(1660, 'PUNO', 'PUNO', 'CHUCUITO'),
(1661, 'PUNO', 'PUNO', 'COATA'),
(1662, 'PUNO', 'PUNO', 'HUATA'),
(1663, 'PUNO', 'PUNO', 'MA'),
(1664, 'PUNO', 'PUNO', 'PAUCARCOLLA'),
(1665, 'PUNO', 'PUNO', 'PICHACANI'),
(1666, 'PUNO', 'PUNO', 'PLATERIA'),
(1667, 'PUNO', 'PUNO', 'PUNO'),
(1668, 'PUNO', 'PUNO', 'SAN ANTONIO'),
(1669, 'PUNO', 'PUNO', 'TIQUILLACA'),
(1670, 'PUNO', 'PUNO', 'VILQUE'),
(1671, 'PUNO', 'SAN ANTONIO DE PUTINA', 'ANANEA'),
(1672, 'PUNO', 'SAN ANTONIO DE PUTINA', 'PEDRO VILCA APAZA'),
(1673, 'PUNO', 'SAN ANTONIO DE PUTINA', 'PUTINA'),
(1674, 'PUNO', 'SAN ANTONIO DE PUTINA', 'QUILCA PUNCU'),
(1675, 'PUNO', 'SAN ANTONIO DE PUTINA', 'SINA'),
(1676, 'PUNO', 'SAN ROMAN', 'CABANA'),
(1677, 'PUNO', 'SAN ROMAN', 'CABANILLAS'),
(1678, 'PUNO', 'SAN ROMAN', 'CARACOTO'),
(1679, 'PUNO', 'SAN ROMAN', 'JULIACA'),
(1680, 'PUNO', 'SANDIA', 'ALTO INAMBARI'),
(1681, 'PUNO', 'SANDIA', 'CUYOCUYO'),
(1682, 'PUNO', 'SANDIA', 'LIMBANI'),
(1683, 'PUNO', 'SANDIA', 'PATAMBUCO'),
(1684, 'PUNO', 'SANDIA', 'PHARA'),
(1685, 'PUNO', 'SANDIA', 'QUIACA'),
(1686, 'PUNO', 'SANDIA', 'SAN JUAN DEL ORO'),
(1687, 'PUNO', 'SANDIA', 'SAN PEDRO DE PUTINA PUNCO'),
(1688, 'PUNO', 'SANDIA', 'SANDIA'),
(1689, 'PUNO', 'SANDIA', 'YANAHUAYA'),
(1690, 'PUNO', 'YUNGUYO', 'ANAPIA'),
(1691, 'PUNO', 'YUNGUYO', 'COPANI'),
(1692, 'PUNO', 'YUNGUYO', 'CUTURAPI'),
(1693, 'PUNO', 'YUNGUYO', 'OLLARAYA'),
(1694, 'PUNO', 'YUNGUYO', 'TINICACHI'),
(1695, 'PUNO', 'YUNGUYO', 'UNICACHI'),
(1696, 'PUNO', 'YUNGUYO', 'YUNGUYO'),
(1697, 'REGION CALLAO', 'CALLAO', 'BELLAVISTA'),
(1698, 'REGION CALLAO', 'CALLAO', 'CALLAO'),
(1699, 'REGION CALLAO', 'CALLAO', 'CARMEN DE LA LEGUA-REYNOSO'),
(1700, 'REGION CALLAO', 'CALLAO', 'LA PERLA'),
(1701, 'REGION CALLAO', 'CALLAO', 'LA PUNTA'),
(1702, 'REGION CALLAO', 'CALLAO', 'VENTANILLA'),
(1703, 'SAN MARTIN', 'BELLAVISTA', 'ALTO BIAVO'),
(1704, 'SAN MARTIN', 'BELLAVISTA', 'BAJO BIAVO'),
(1705, 'SAN MARTIN', 'BELLAVISTA', 'BELLAVISTA'),
(1706, 'SAN MARTIN', 'BELLAVISTA', 'HUALLAGA'),
(1707, 'SAN MARTIN', 'BELLAVISTA', 'SAN PABLO'),
(1708, 'SAN MARTIN', 'BELLAVISTA', 'SAN RAFAEL'),
(1709, 'SAN MARTIN', 'EL DORADO', 'AGUA BLANCA'),
(1710, 'SAN MARTIN', 'EL DORADO', 'SAN JOSE DE SISA'),
(1711, 'SAN MARTIN', 'EL DORADO', 'SAN MARTIN'),
(1712, 'SAN MARTIN', 'EL DORADO', 'SANTA ROSA'),
(1713, 'SAN MARTIN', 'EL DORADO', 'SHATOJA'),
(1714, 'SAN MARTIN', 'HUALLAGA', 'ALTO SAPOSOA'),
(1715, 'SAN MARTIN', 'HUALLAGA', 'EL ESLABON'),
(1716, 'SAN MARTIN', 'HUALLAGA', 'PISCOYACU'),
(1717, 'SAN MARTIN', 'HUALLAGA', 'SACANCHE'),
(1718, 'SAN MARTIN', 'HUALLAGA', 'SAPOSOA'),
(1719, 'SAN MARTIN', 'HUALLAGA', 'TINGO DE SAPOSOA'),
(1720, 'SAN MARTIN', 'LAMAS', 'ALONSO DE ALVARADO'),
(1721, 'SAN MARTIN', 'LAMAS', 'BARRANQUITA'),
(1722, 'SAN MARTIN', 'LAMAS', 'CAYNARACHI'),
(1723, 'SAN MARTIN', 'LAMAS', 'CU'),
(1724, 'SAN MARTIN', 'LAMAS', 'LAMAS'),
(1725, 'SAN MARTIN', 'LAMAS', 'PINTO RECODO'),
(1726, 'SAN MARTIN', 'LAMAS', 'RUMISAPA'),
(1727, 'SAN MARTIN', 'LAMAS', 'SAN ROQUE DE CUMBAZA'),
(1728, 'SAN MARTIN', 'LAMAS', 'SHANAO'),
(1729, 'SAN MARTIN', 'LAMAS', 'TABALOSOS'),
(1730, 'SAN MARTIN', 'LAMAS', 'ZAPATERO'),
(1731, 'SAN MARTIN', 'MARISCAL CACERES', 'CAMPANILLA'),
(1732, 'SAN MARTIN', 'MARISCAL CACERES', 'HUICUNGO'),
(1733, 'SAN MARTIN', 'MARISCAL CACERES', 'JUANJUI'),
(1734, 'SAN MARTIN', 'MARISCAL CACERES', 'PACHIZA'),
(1735, 'SAN MARTIN', 'MARISCAL CACERES', 'PAJARILLO'),
(1736, 'SAN MARTIN', 'MOYOBAMBA', 'CALZADA'),
(1737, 'SAN MARTIN', 'MOYOBAMBA', 'HABANA'),
(1738, 'SAN MARTIN', 'MOYOBAMBA', 'JEPELACIO'),
(1739, 'SAN MARTIN', 'MOYOBAMBA', 'MOYOBAMBA'),
(1740, 'SAN MARTIN', 'MOYOBAMBA', 'SORITOR'),
(1741, 'SAN MARTIN', 'MOYOBAMBA', 'YANTALO'),
(1742, 'SAN MARTIN', 'PICOTA', 'BUENOS AIRES'),
(1743, 'SAN MARTIN', 'PICOTA', 'CASPIZAPA'),
(1744, 'SAN MARTIN', 'PICOTA', 'PICOTA'),
(1745, 'SAN MARTIN', 'PICOTA', 'PILLUANA'),
(1746, 'SAN MARTIN', 'PICOTA', 'PUCACACA'),
(1747, 'SAN MARTIN', 'PICOTA', 'SAN CRISTOBAL'),
(1748, 'SAN MARTIN', 'PICOTA', 'SAN HILARION'),
(1749, 'SAN MARTIN', 'PICOTA', 'SHAMBOYACU'),
(1750, 'SAN MARTIN', 'PICOTA', 'TINGO DE PONASA'),
(1751, 'SAN MARTIN', 'PICOTA', 'TRES UNIDOS'),
(1752, 'SAN MARTIN', 'RIOJA', 'AWAJUN'),
(1753, 'SAN MARTIN', 'RIOJA', 'ELIAS SOPLIN'),
(1754, 'SAN MARTIN', 'RIOJA', 'NUEVA CAJAMARCA'),
(1755, 'SAN MARTIN', 'RIOJA', 'PARDO MIGUEL'),
(1756, 'SAN MARTIN', 'RIOJA', 'POSIC'),
(1757, 'SAN MARTIN', 'RIOJA', 'RIOJA'),
(1758, 'SAN MARTIN', 'RIOJA', 'SAN FERNANDO'),
(1759, 'SAN MARTIN', 'RIOJA', 'YORONGOS'),
(1760, 'SAN MARTIN', 'RIOJA', 'YURACYACU'),
(1761, 'SAN MARTIN', 'SAN MARTIN', 'ALBERTO LEVEAU'),
(1762, 'SAN MARTIN', 'SAN MARTIN', 'CACATACHI'),
(1763, 'SAN MARTIN', 'SAN MARTIN', 'CHAZUTA'),
(1764, 'SAN MARTIN', 'SAN MARTIN', 'CHIPURANA'),
(1765, 'SAN MARTIN', 'SAN MARTIN', 'EL PORVENIR'),
(1766, 'SAN MARTIN', 'SAN MARTIN', 'HUIMBAYOC'),
(1767, 'SAN MARTIN', 'SAN MARTIN', 'JUAN GUERRA'),
(1768, 'SAN MARTIN', 'SAN MARTIN', 'LA BANDA DE SHILCAYO'),
(1769, 'SAN MARTIN', 'SAN MARTIN', 'MORALES'),
(1770, 'SAN MARTIN', 'SAN MARTIN', 'PAPAPLAYA'),
(1771, 'SAN MARTIN', 'SAN MARTIN', 'SAN ANTONIO'),
(1772, 'SAN MARTIN', 'SAN MARTIN', 'SAUCE'),
(1773, 'SAN MARTIN', 'SAN MARTIN', 'SHAPAJA'),
(1774, 'SAN MARTIN', 'SAN MARTIN', 'TARAPOTO'),
(1775, 'SAN MARTIN', 'TOCACHE', 'NUEVO PROGRESO'),
(1776, 'SAN MARTIN', 'TOCACHE', 'POLVORA'),
(1777, 'SAN MARTIN', 'TOCACHE', 'SHUNTE'),
(1778, 'SAN MARTIN', 'TOCACHE', 'TOCACHE'),
(1779, 'SAN MARTIN', 'TOCACHE', 'UCHIZA'),
(1780, 'TACNA', 'CANDARAVE', 'CAIRANI'),
(1781, 'TACNA', 'CANDARAVE', 'CAMILACA'),
(1782, 'TACNA', 'CANDARAVE', 'CANDARAVE'),
(1783, 'TACNA', 'CANDARAVE', 'CURIBAYA'),
(1784, 'TACNA', 'CANDARAVE', 'HUANUARA'),
(1785, 'TACNA', 'CANDARAVE', 'QUILAHUANI'),
(1786, 'TACNA', 'JORGE BASADRE', 'ILABAYA'),
(1787, 'TACNA', 'JORGE BASADRE', 'ITE'),
(1788, 'TACNA', 'JORGE BASADRE', 'LOCUMBA'),
(1789, 'TACNA', 'TACNA', 'ALTO DE LA ALIANZA'),
(1790, 'TACNA', 'TACNA', 'CALANA'),
(1791, 'TACNA', 'TACNA', 'CIUDAD NUEVA'),
(1792, 'TACNA', 'TACNA', 'CORONEL GREGORIO ALBARRACIN L.'),
(1793, 'TACNA', 'TACNA', 'INCLAN'),
(1794, 'TACNA', 'TACNA', 'PACHIA'),
(1795, 'TACNA', 'TACNA', 'PALCA'),
(1796, 'TACNA', 'TACNA', 'POCOLLAY'),
(1797, 'TACNA', 'TACNA', 'SAMA'),
(1798, 'TACNA', 'TACNA', 'TACNA'),
(1799, 'TACNA', 'TARATA', 'ESTIQUE'),
(1800, 'TACNA', 'TARATA', 'ESTIQUE PAMPA'),
(1801, 'TACNA', 'TARATA', 'HEROES ALBARRACIN'),
(1802, 'TACNA', 'TARATA', 'SITAJARA'),
(1803, 'TACNA', 'TARATA', 'SUSAPAYA'),
(1804, 'TACNA', 'TARATA', 'TARATA'),
(1805, 'TACNA', 'TARATA', 'TARUCACHI'),
(1806, 'TACNA', 'TARATA', 'TICACO'),
(1807, 'TUMBES', 'CONTRALMIRANTE VILLAR', 'CANOAS DE PUNTA SAL'),
(1808, 'TUMBES', 'CONTRALMIRANTE VILLAR', 'CASITAS'),
(1809, 'TUMBES', 'CONTRALMIRANTE VILLAR', 'ZORRITOS'),
(1810, 'TUMBES', 'TUMBES', 'CORRALES'),
(1811, 'TUMBES', 'TUMBES', 'LA CRUZ'),
(1812, 'TUMBES', 'TUMBES', 'PAMPAS DE HOSPITAL'),
(1813, 'TUMBES', 'TUMBES', 'SAN JACINTO'),
(1814, 'TUMBES', 'TUMBES', 'SAN JUAN DE LA VIRGEN'),
(1815, 'TUMBES', 'TUMBES', 'TUMBES'),
(1816, 'TUMBES', 'ZARUMILLA', 'AGUAS VERDES'),
(1817, 'TUMBES', 'ZARUMILLA', 'MATAPALO'),
(1818, 'TUMBES', 'ZARUMILLA', 'PAPAYAL'),
(1819, 'TUMBES', 'ZARUMILLA', 'ZARUMILLA'),
(1820, 'UCAYALI', 'ATALAYA', 'RAIMONDI'),
(1821, 'UCAYALI', 'ATALAYA', 'SEPAHUA'),
(1822, 'UCAYALI', 'ATALAYA', 'TAHUANIA'),
(1823, 'UCAYALI', 'ATALAYA', 'YURUA'),
(1824, 'UCAYALI', 'CORONEL PORTILLO', 'CALLERIA'),
(1825, 'UCAYALI', 'CORONEL PORTILLO', 'CAMPOVERDE'),
(1826, 'UCAYALI', 'CORONEL PORTILLO', 'IPARIA'),
(1827, 'UCAYALI', 'CORONEL PORTILLO', 'MANANTAY'),
(1828, 'UCAYALI', 'CORONEL PORTILLO', 'MASISEA'),
(1829, 'UCAYALI', 'CORONEL PORTILLO', 'NUEVA REQUENA'),
(1830, 'UCAYALI', 'CORONEL PORTILLO', 'YARINACOCHA'),
(1831, 'UCAYALI', 'PADRE ABAD', 'CURIMANA'),
(1832, 'UCAYALI', 'PADRE ABAD', 'PADRE ABAD'),
(1833, 'UCAYALI', 'PADRE ABAD', 'YRAZOLA'),
(1834, 'UCAYALI', 'PURUS', 'PURUS');

/*!40101 SET CHARACTER_SET_CLIENT=@OLD_CHARACTER_SET_CLIENT */;
/*!40101 SET CHARACTER_SET_RESULTS=@OLD_CHARACTER_SET_RESULTS */;
/*!40101 SET COLLATION_CONNECTION=@OLD_COLLATION_CONNECTION */;
